DateTime,Active_power,Reactive_power,Voltage,Intensity,Sub_meter_1,Sub_meter_2,Sub_meter_3,Sub_meter_4
2006-12-16,1209.18,34.92,236.24,13.08,0.0,546.0,4926.0,14684.0
2006-12-17,3390.46,226.01,240.09,10.0,2033.0,4187.0,13341.0,36961.0
2006-12-18,2203.83,161.79,241.23,6.42,1063.0,2621.0,14018.0,19029.0
2006-12-19,1666.19,150.94,242.0,4.93,839.0,7602.0,6197.0,13139.0
2006-12-20,2225.75,161.0,242.31,6.47,0.0,2648.0,14063.0,20394.0
2006-12-21,1723.29,144.43,241.04,5.05,1765.0,2692.0,10456.0,13821.0
2006-12-22,2341.34,186.91,241.18,6.87,3151.0,350.0,11131.0,24366.0
2006-12-23,4773.39,221.47,240.14,14.03,2669.0,425.0,14726.0,61784.0
2006-12-24,2550.01,149.9,241.69,7.64,1703.0,5082.0,6891.0,28865.0
2006-12-25,2743.12,240.28,243.4,7.95,6620.0,1962.0,5795.0,31377.0
2006-12-26,3934.11,165.1,241.63,11.35,1086.0,2533.0,14979.0,46999.0
2006-12-27,1528.76,178.9,243.77,4.52,0.0,314.0,6976.0,18245.0
2006-12-28,2072.64,208.88,243.27,6.09,2207.0,4419.0,9176.0,18779.0
2006-12-29,3174.39,196.39,240.87,9.27,1252.0,5162.0,11329.0,35196.0
2006-12-30,2796.11,312.14,240.54,8.3,3072.0,7893.0,12516.0,23170.0
2006-12-31,3494.2,150.85,239.9,10.2,0.0,347.0,6502.0,51445.0
2007-1-1,2749.0,148.17,240.13,7.92,0.0,352.0,5880.0,39564.0
2007-1-2,1269.24,190.34,241.94,3.71,0.0,348.0,6562.0,14207.0
2007-1-3,1014.05,196.73,243.56,3.01,0.0,344.0,4765.0,11762.0
2007-1-4,3259.41,202.3,239.75,9.48,1051.0,7597.0,10896.0,34810.0
2007-1-5,2713.36,173.15,240.5,7.89,1483.0,379.0,7602.0,35796.0
2007-1-6,1508.38,192.19,239.67,4.54,1336.0,402.0,5678.0,17724.0
2007-1-7,2447.62,246.07,240.9,7.28,1987.0,8177.0,12810.0,17818.0
2007-1-8,2241.36,207.57,239.58,6.55,0.0,467.0,17547.0,19370.0
2007-1-9,1869.05,207.25,240.49,5.52,1688.0,4267.0,9790.0,15479.0
2007-1-10,2154.8,228.45,241.03,6.36,771.0,4456.0,11012.0,19742.0
2007-1-11,2255.19,230.02,241.16,6.66,1378.0,2170.0,12415.0,21687.0
2007-1-12,1461.3,199.14,241.54,4.31,0.0,439.0,8276.0,15695.0
2007-1-13,3186.81,290.74,239.28,9.45,7806.0,2975.0,11341.0,31055.0
2007-1-14,3009.44,227.28,238.82,8.97,1777.0,4215.0,12975.0,31228.0
2007-1-15,2148.68,174.86,241.24,6.26,1099.0,2239.0,15163.0,17338.0
2007-1-16,1686.4,185.43,241.94,4.98,2063.0,644.0,6583.0,18884.0
2007-1-17,2847.69,200.75,241.01,8.28,3500.0,5737.0,16064.0,22189.0
2007-1-18,1821.46,177.71,240.89,5.34,0.0,336.0,13491.0,16616.0
2007-1-19,1480.44,170.05,240.16,4.38,2103.0,330.0,7172.0,15130.0
2007-1-20,3133.73,238.36,238.87,9.35,4324.0,5222.0,11440.0,31268.0
2007-1-21,3407.26,229.74,238.97,10.19,10346.0,5567.0,11599.0,29295.0
2007-1-22,2180.49,168.64,241.6,6.36,1054.0,2983.0,11361.0,20997.0
2007-1-23,1777.64,138.28,242.76,5.26,0.0,1064.0,5061.0,23585.0
2007-1-24,2987.85,178.06,241.46,8.73,3464.0,2480.0,11744.0,32158.0
2007-1-25,1596.34,144.16,243.42,4.63,1158.0,262.0,11239.0,14037.0
2007-1-26,1617.97,142.9,242.77,4.72,1163.0,261.0,8238.0,17348.0
2007-1-27,2044.07,148.24,241.62,5.95,1170.0,3896.0,12374.0,16642.0
2007-1-28,3091.59,153.43,240.31,9.13,3466.0,3998.0,12063.0,32027.0
2007-1-29,1982.66,165.7,240.93,5.79,1123.0,294.0,15254.0,16385.0
2007-1-30,1707.8,180.93,241.84,5.03,1123.0,1424.0,8149.0,17825.0
2007-1-31,2363.75,185.99,239.92,6.92,0.0,5950.0,15052.0,18416.0
2007-2-1,1824.76,150.26,240.39,5.33,1170.0,386.0,13145.0,15728.0
2007-2-2,1667.74,139.54,240.33,4.87,0.0,356.0,11338.0,16159.0
2007-2-3,4029.72,245.82,238.91,11.82,4746.0,4573.0,17834.0,40004.0
2007-2-4,3595.94,186.49,239.63,10.57,3391.0,4597.0,14472.0,37507.0
2007-2-5,1645.28,147.23,240.81,4.82,896.0,2564.0,7849.0,16136.0
2007-2-6,1273.48,142.57,241.26,3.77,1185.0,405.0,4517.0,15151.0
2007-2-7,2328.02,177.71,241.15,6.79,3299.0,3513.0,11986.0,20063.0
2007-2-8,1801.41,138.9,241.8,5.25,2226.0,366.0,10157.0,17331.0
2007-2-9,1620.2,158.07,241.74,4.73,0.0,3045.0,9770.0,14212.0
2007-2-10,2829.33,192.97,240.04,8.3,5071.0,2831.0,14405.0,24856.0
2007-2-11,3571.23,204.31,239.51,10.53,2430.0,4765.0,13114.0,39276.0
2007-2-12,1877.61,136.7,240.1,5.5,2227.0,399.0,11517.0,17151.0
2007-2-13,1414.55,134.68,241.17,4.14,0.0,2828.0,6256.0,14547.0
2007-2-14,2498.67,202.51,240.38,7.32,3295.0,3793.0,11579.0,23030.0
2007-2-15,1985.35,165.96,240.67,5.82,0.0,2363.0,14028.0,16677.0
2007-2-16,1702.53,151.69,240.82,5.05,1148.0,859.0,8689.0,17639.0
2007-2-17,2076.91,238.97,239.32,6.13,1765.0,2226.0,7157.0,23514.0
2007-2-18,3829.76,255.52,239.17,11.24,6107.0,8003.0,13129.0,36632.0
2007-2-19,2186.61,176.58,239.79,6.44,1634.0,2900.0,13085.0,18846.0
2007-2-20,3149.93,187.16,239.87,9.17,2058.0,5191.0,9713.0,35567.0
2007-2-21,2072.87,189.87,240.46,6.07,3527.0,2332.0,11548.0,17178.0
2007-2-22,3374.36,138.46,238.63,9.87,1411.0,4132.0,12287.0,38478.0
2007-2-23,1313.48,149.34,240.69,3.83,0.0,503.0,10786.0,10664.0
2007-2-24,714.92,122.2,239.86,2.09,0.0,363.0,3562.0,8116.0
2007-2-25,501.74,113.74,241.68,1.46,0.0,329.0,1660.0,6560.0
2007-2-26,568.48,108.28,241.27,1.66,0.0,331.0,2830.0,6494.0
2007-2-27,518.11,113.2,242.94,1.52,0.0,314.0,1924.0,6580.0
2007-2-28,520.77,113.37,242.16,1.53,0.0,340.0,1973.0,6537.0
2007-3-1,517.56,107.63,241.32,1.51,0.0,316.0,1980.0,6534.0
2007-3-2,515.69,107.01,240.59,1.51,0.0,340.0,1969.0,6475.0
2007-3-3,819.12,134.99,241.29,2.4,0.0,347.0,4597.0,8842.0
2007-3-4,2090.7,175.68,240.03,6.16,1476.0,8711.0,9408.0,15357.0
2007-3-5,2660.33,205.96,240.03,7.84,5727.0,12109.0,10026.0,16543.0
2007-3-6,1246.5,186.15,240.99,3.7,0.0,1740.0,4700.0,14365.0
2007-3-7,2375.21,171.2,240.32,6.93,1076.0,4761.0,15513.0,18265.0
2007-3-8,1572.13,187.4,240.67,4.67,2180.0,3385.0,6655.0,13931.0
2007-3-9,1272.61,119.24,240.89,3.73,1093.0,345.0,8631.0,11151.0
2007-3-10,2484.71,243.53,239.8,7.34,4130.0,5422.0,10979.0,20918.0
2007-3-11,3480.64,173.37,240.01,10.12,4810.0,3420.0,9500.0,40319.0
2007-3-12,1950.67,134.42,240.56,5.73,1403.0,2841.0,12353.0,15946.0
2007-3-13,1290.14,126.72,240.9,3.81,1350.0,3859.0,5323.0,11036.0
2007-3-14,1793.36,157.52,240.78,5.27,3485.0,480.0,8607.0,17344.0
2007-3-15,1884.81,159.33,240.28,5.52,0.0,3263.0,11036.0,17183.0
2007-3-16,1702.05,130.21,239.53,4.99,1106.0,4604.0,5370.0,17321.0
2007-3-17,2028.09,127.07,238.22,5.95,2208.0,359.0,12275.0,18969.0
2007-3-18,2371.05,241.45,241.05,7.01,6564.0,7369.0,5856.0,19771.0
2007-3-19,2152.52,144.76,240.5,6.28,1648.0,2686.0,14118.0,17470.0
2007-3-20,2086.23,164.87,240.82,6.15,3745.0,2837.0,11255.0,17020.0
2007-3-21,2142.09,142.83,240.99,6.24,1865.0,4133.0,12335.0,17375.0
2007-3-22,1454.98,113.83,241.76,4.22,353.0,736.0,10462.0,12771.0
2007-3-23,1309.01,119.49,241.65,3.8,1127.0,777.0,8369.0,11627.0
2007-3-24,2968.43,191.02,239.7,8.7,3707.0,5797.0,16382.0,23580.0
2007-3-25,3338.4,236.12,240.03,9.72,4630.0,3600.0,9375.0,38036.0
2007-3-26,1416.08,160.97,241.34,4.18,1088.0,344.0,9096.0,13121.0
2007-3-27,1105.14,151.73,240.6,3.3,0.0,3019.0,3697.0,11753.0
2007-3-28,2333.9,196.52,240.44,6.85,1122.0,8527.0,13888.0,15390.0
2007-3-29,1590.41,198.7,240.54,4.68,1162.0,460.0,10724.0,14178.0
2007-3-30,1402.39,181.13,241.04,4.19,1094.0,468.0,8217.0,13609.0
2007-3-31,3509.51,231.5,239.26,10.26,2620.0,7707.0,17682.0,30490.0
2007-4-1,2785.95,202.55,240.02,8.15,4629.0,5401.0,19509.0,16909.0
2007-4-2,1960.78,174.34,240.46,5.71,1755.0,970.0,16641.0,13356.0
2007-4-3,1642.82,168.76,240.5,4.85,3630.0,1042.0,7637.0,15150.0
2007-4-4,2051.87,172.32,240.33,5.99,3434.0,420.0,14748.0,15661.0
2007-4-5,1844.08,244.54,241.17,5.49,1086.0,4277.0,10523.0,14916.0
2007-4-6,1601.14,143.21,241.18,4.69,0.0,5466.0,9166.0,12035.0
2007-4-7,1553.92,138.73,240.38,4.56,1127.0,3111.0,5923.0,15769.0
2007-4-8,1608.82,135.88,240.35,4.72,0.0,485.0,3545.0,22834.0
2007-4-9,1000.92,160.11,240.55,2.97,2667.0,514.0,3801.0,9819.0
2007-4-10,777.36,148.94,240.81,2.35,209.0,742.0,2572.0,9561.0
2007-4-11,887.48,192.45,241.15,2.62,0.0,1112.0,6421.0,7342.0
2007-4-12,537.71,147.81,240.26,1.6,0.0,541.0,1818.0,6775.0
2007-4-13,551.02,151.64,240.05,1.64,0.0,558.0,1988.0,6788.0
2007-4-14,554.27,155.61,240.31,1.65,0.0,578.0,2008.0,6806.0
2007-4-15,726.16,171.54,240.24,2.19,0.0,1026.0,2893.0,8250.0
2007-4-16,952.39,186.07,240.66,2.87,952.0,1305.0,4656.0,8954.0
2007-4-17,1223.73,218.35,240.2,3.69,1532.0,389.0,6199.0,12378.0
2007-4-18,998.25,165.22,240.15,3.0,1579.0,355.0,3430.0,11309.0
2007-4-19,1028.66,149.66,240.43,3.06,733.0,1605.0,5748.0,9074.0
2007-4-20,822.58,145.65,240.13,2.49,1069.0,360.0,3499.0,8815.0
2007-4-21,1673.66,212.66,239.21,5.04,6575.0,463.0,11129.0,9738.0
2007-4-22,2233.71,267.19,239.61,6.69,4264.0,2287.0,11102.0,19556.0
2007-4-23,1054.57,135.64,237.24,3.26,1402.0,506.0,6005.0,9673.0
2007-4-24,1032.1,135.26,235.34,3.14,1125.0,527.0,6680.0,8892.0
2007-4-25,1264.16,164.74,234.94,3.86,0.0,1469.0,8812.0,10824.0
2007-4-26,1275.47,163.61,234.79,3.92,1324.0,1845.0,7163.0,10997.0
2007-4-27,1094.33,161.93,235.22,3.31,1772.0,545.0,4756.0,11156.0
2007-4-28,1113.69,163.74,235.18,3.37,1772.0,563.0,4756.0,11460.0
2007-4-29,1113.69,163.74,235.18,3.37,1772.0,563.0,4756.0,11460.0
2007-4-30,814.78,160.96,235.04,2.51,1214.0,853.0,3299.0,8193.0
2007-5-1,1663.86,181.61,234.68,5.07,4005.0,995.0,8546.0,14200.0
2007-5-2,1003.49,160.09,235.58,3.14,7.0,1490.0,3754.0,11490.0
2007-5-3,1090.24,150.94,235.13,3.31,1906.0,1725.0,7836.0,6725.0
2007-5-4,998.13,174.74,235.71,3.08,2259.0,538.0,3990.0,9874.0
2007-5-5,1563.05,174.1,235.04,4.74,2913.0,2493.0,11303.0,9413.0
2007-5-6,2102.1,182.34,234.41,6.41,3215.0,949.0,10095.0,20763.0
2007-5-7,1643.66,168.92,234.54,4.98,946.0,4935.0,9433.0,12080.0
2007-5-8,1789.29,181.61,234.91,5.36,4581.0,2011.0,8777.0,14465.0
2007-5-9,1665.74,183.48,234.87,5.06,3018.0,5631.0,9474.0,9680.0
2007-5-10,707.88,168.31,235.8,2.21,946.0,534.0,3261.0,7071.0
2007-5-11,979.15,132.1,235.23,3.03,926.0,491.0,6471.0,8459.0
2007-5-12,1441.57,209.17,234.72,4.36,2247.0,1075.0,10408.0,10371.0
2007-5-13,1634.74,220.67,235.71,4.97,3612.0,2414.0,8958.0,12251.0
2007-5-14,1467.78,298.55,235.69,4.57,3176.0,2417.0,5517.0,13385.0
2007-5-15,904.39,111.18,235.61,2.73,0.0,408.0,5318.0,9357.0
2007-5-16,1692.94,135.89,235.26,5.07,2213.0,5756.0,9077.0,11229.0
2007-5-17,1231.82,131.19,235.87,3.72,1014.0,2073.0,7687.0,9847.0
2007-5-18,1631.53,171.26,235.99,4.88,3270.0,3913.0,8116.0,11952.0
2007-5-19,1429.44,167.86,234.94,4.32,4683.0,530.0,7022.0,11620.0
2007-5-20,1968.33,187.53,235.35,5.94,5420.0,1733.0,7611.0,18045.0
2007-5-21,1120.06,117.28,234.69,3.34,0.0,468.0,9060.0,9191.0
2007-5-22,1132.85,128.92,235.48,3.4,931.0,3966.0,3984.0,9990.0
2007-5-23,1464.94,165.88,234.81,4.4,956.0,3792.0,8119.0,11551.0
2007-5-24,1154.39,135.56,235.55,3.46,955.0,4116.0,4746.0,9429.0
2007-5-25,1614.22,174.59,234.45,4.86,8060.0,586.0,6539.0,11748.0
2007-5-26,1512.25,174.24,235.07,4.56,2373.0,2754.0,8628.0,11524.0
2007-5-27,2153.81,219.89,234.91,6.51,4366.0,5534.0,10444.0,15577.0
2007-5-28,1637.47,151.1,234.91,4.92,4554.0,473.0,9586.0,12694.0
2007-5-29,1061.34,113.24,235.69,3.21,0.0,1907.0,4332.0,11538.0
2007-5-30,1609.87,147.06,234.83,4.83,2250.0,5948.0,7804.0,10838.0
2007-5-31,938.55,129.59,235.1,2.79,935.0,477.0,3552.0,10614.0
2007-6-1,1046.09,143.52,235.32,3.14,0.0,485.0,7664.0,9309.0
2007-6-2,1484.36,166.11,234.47,4.47,3971.0,1250.0,7633.0,11952.0
2007-6-3,2108.03,182.46,234.76,6.35,4985.0,7529.0,8334.0,14369.0
2007-6-4,911.62,223.19,234.75,2.82,1585.0,836.0,4533.0,8218.0
2007-6-5,1458.89,255.69,234.69,4.47,4484.0,1027.0,6448.0,12356.0
2007-6-6,1693.94,231.13,234.62,5.11,3329.0,829.0,11663.0,12429.0
2007-6-7,985.0,172.33,234.48,2.98,985.0,699.0,3959.0,10792.0
2007-6-8,2148.05,229.73,236.2,6.45,2799.0,11440.0,11380.0,10188.0
2007-6-9,1137.14,232.94,240.65,3.4,990.0,825.0,7254.0,9880.0
2007-6-10,1340.81,239.09,240.84,4.01,4202.0,1924.0,5983.0,10271.0
2007-6-11,794.65,194.63,240.86,2.42,0.0,487.0,5328.0,7450.0
2007-6-12,918.77,216.42,240.22,2.86,1882.0,475.0,3898.0,9076.0
2007-6-13,927.27,208.26,240.4,2.82,957.0,857.0,5216.0,8493.0
2007-6-14,1259.08,231.7,239.85,3.78,3322.0,2147.0,7054.0,8546.0
2007-6-15,989.6,251.76,240.46,3.07,2269.0,4011.0,4547.0,5733.0
2007-6-16,2017.76,307.56,239.5,5.97,3289.0,4498.0,11108.0,14813.0
2007-6-17,1947.09,239.81,240.22,5.77,4124.0,5038.0,8734.0,14597.0
2007-6-18,678.47,180.81,240.78,2.08,0.0,529.0,4241.0,6561.0
2007-6-19,842.56,187.99,240.27,2.56,973.0,535.0,4357.0,8180.0
2007-6-20,1074.29,227.3,240.16,3.31,1761.0,2588.0,5106.0,8462.0
2007-6-21,806.95,222.55,240.57,2.5,932.0,2400.0,3711.0,6456.0
2007-6-22,566.29,208.53,240.84,1.81,0.0,951.0,3482.0,4981.0
2007-6-23,477.57,193.12,240.32,1.54,0.0,786.0,2402.0,4731.0
2007-6-24,714.66,179.36,241.13,2.21,0.0,791.0,3449.0,7660.0
2007-6-25,1072.2,197.27,240.42,3.25,1985.0,3621.0,4816.0,7505.0
2007-6-26,944.91,182.42,240.09,2.88,971.0,1334.0,5231.0,8164.0
2007-6-27,1480.83,207.0,239.76,4.43,2603.0,6451.0,7270.0,8396.0
2007-6-28,1295.44,217.45,239.42,3.89,0.0,4368.0,9541.0,7748.0
2007-6-29,1305.63,206.53,240.18,3.94,4363.0,668.0,6815.0,9906.0
2007-6-30,1335.31,188.35,240.01,3.97,3049.0,792.0,8376.0,10019.0
2007-7-1,1026.66,172.45,240.07,3.08,969.0,736.0,4690.0,10795.0
2007-7-2,967.03,176.92,240.67,2.93,1018.0,5281.0,3445.0,6433.0
2007-7-3,1059.91,180.34,240.19,3.23,467.0,3214.0,4695.0,9342.0
2007-7-4,1003.41,253.33,240.66,3.1,2329.0,2218.0,5632.0,6662.0
2007-7-5,1057.29,246.72,240.44,3.23,2922.0,770.0,3973.0,9948.0
2007-7-6,1069.52,219.35,240.6,3.27,2826.0,3563.0,4005.0,7352.0
2007-7-7,1358.21,214.04,239.91,4.03,997.0,3047.0,10177.0,8453.0
2007-7-8,1089.08,196.92,240.34,3.29,1825.0,2831.0,5277.0,8239.0
2007-7-9,1180.16,172.42,240.62,3.52,923.0,594.0,9386.0,8805.0
2007-7-10,908.32,176.24,239.98,2.79,67.0,2227.0,4631.0,8187.0
2007-7-11,722.35,153.86,241.03,2.2,1015.0,647.0,5284.0,5080.0
2007-7-12,1069.58,209.1,240.76,3.23,1029.0,2550.0,6419.0,7799.0
2007-7-13,794.38,206.69,240.85,2.45,0.0,633.0,4427.0,8214.0
2007-7-14,1288.17,258.45,241.29,3.89,3775.0,1968.0,6604.0,9163.0
2007-7-15,1041.71,258.1,240.55,3.19,973.0,934.0,5791.0,9709.0
2007-7-16,853.67,233.96,236.51,2.66,830.0,695.0,4176.0,8530.0
2007-7-17,719.63,176.09,234.74,2.28,848.0,694.0,3335.0,7182.0
2007-7-18,757.08,156.51,231.09,2.39,909.0,671.0,4628.0,6485.0
2007-7-19,677.89,187.01,234.26,2.14,1068.0,703.0,3130.0,6462.0
2007-7-20,1110.42,223.12,235.57,3.45,2111.0,2418.0,4765.0,9293.0
2007-7-21,1060.25,236.16,234.26,3.29,428.0,512.0,7756.0,9011.0
2007-7-22,1377.69,218.34,235.96,4.23,7091.0,2136.0,5580.0,8238.0
2007-7-23,991.02,143.77,234.5,3.08,1747.0,1288.0,3847.0,9684.0
2007-7-24,825.28,112.81,235.36,2.55,0.0,1607.0,5599.0,6596.0
2007-7-25,472.56,108.23,235.64,1.48,0.0,151.0,2333.0,5420.0
2007-7-26,924.5,115.09,234.94,2.84,975.0,3633.0,4346.0,6480.0
2007-7-27,1202.51,120.46,235.55,3.62,1837.0,49.0,7157.0,11110.0
2007-7-28,1621.86,178.73,235.51,4.94,907.0,10265.0,6559.0,9340.0
2007-7-29,321.12,118.58,235.71,1.03,0.0,0.0,1288.0,4103.0
2007-7-30,466.82,129.49,235.53,1.47,0.0,0.0,2528.0,5296.0
2007-7-31,812.33,145.79,234.91,2.5,3277.0,0.0,3575.0,6722.0
2007-8-1,1064.46,144.96,234.98,3.22,1583.0,0.0,9812.0,6365.0
2007-8-2,1019.42,144.95,234.86,3.09,482.0,0.0,6869.0,9665.0
2007-8-3,1063.36,125.39,234.49,3.21,958.0,0.0,9139.0,7632.0
2007-8-4,1144.99,139.23,235.26,3.45,552.0,398.0,7966.0,10246.0
2007-8-5,787.1,151.25,235.12,2.44,169.0,0.0,6647.0,6332.0
2007-8-6,1089.72,154.43,234.7,3.32,1096.0,0.0,7985.0,9034.0
2007-8-7,1483.58,131.18,234.55,4.43,437.0,2168.0,9042.0,13117.0
2007-8-8,1125.48,119.1,234.51,3.38,1055.0,1111.0,9660.0,6925.0
2007-8-9,1071.68,109.47,234.21,3.27,182.0,4515.0,6646.0,6566.0
2007-8-10,1028.01,117.66,234.49,3.13,336.0,2651.0,8287.0,5885.0
2007-8-11,1091.65,115.77,234.98,3.29,1180.0,910.0,10339.0,5790.0
2007-8-12,1241.9,127.78,235.66,3.74,1123.0,1156.0,8582.0,9891.0
2007-8-13,1153.01,130.94,235.22,3.45,93.0,476.0,11101.0,7606.0
2007-8-14,941.19,132.01,237.08,2.85,951.0,685.0,6256.0,7738.0
2007-8-15,1191.86,159.76,239.99,3.54,338.0,508.0,9787.0,9277.0
2007-8-16,958.5,131.53,239.74,2.84,962.0,0.0,7476.0,7558.0
2007-8-17,1009.89,127.39,240.49,2.98,244.0,0.0,7769.0,8889.0
2007-8-18,347.96,119.24,241.28,1.08,0.0,0.0,1830.0,4043.0
2007-8-19,1422.29,160.02,239.95,4.26,1025.0,8912.0,5989.0,7845.0
2007-8-20,1338.84,155.88,241.3,3.96,1032.0,6965.0,7383.0,6951.0
2007-8-21,642.56,157.31,240.57,1.96,0.0,38.0,3296.0,7425.0
2007-8-22,1209.81,154.29,240.82,3.57,3048.0,1836.0,7241.0,8081.0
2007-8-23,1112.31,157.95,240.65,3.33,2502.0,259.0,5342.0,10442.0
2007-8-24,1656.42,262.69,240.5,4.94,1891.0,3782.0,9944.0,12037.0
2007-8-25,1150.88,272.55,239.86,3.55,4149.0,2191.0,5678.0,7171.0
2007-8-26,1314.91,299.39,239.95,4.01,1541.0,3645.0,5658.0,11125.0
2007-8-27,1211.73,299.08,239.92,3.69,2305.0,1229.0,6344.0,10423.0
2007-8-28,997.0,181.11,239.55,3.0,1038.0,2468.0,5483.0,7679.0
2007-8-29,747.99,175.43,240.74,2.28,957.0,562.0,4932.0,6079.0
2007-8-30,1202.46,191.05,240.57,3.6,3822.0,2580.0,4221.0,9477.0
2007-8-31,1279.82,187.26,239.99,3.79,1200.0,666.0,8738.0,10743.0
2007-9-1,1701.49,289.85,239.36,5.07,2497.0,569.0,9733.0,15634.0
2007-9-2,1662.47,231.6,240.05,5.02,3613.0,1617.0,8806.0,13690.0
2007-9-3,1038.92,188.42,239.62,3.13,621.0,2515.0,5323.0,8876.0
2007-9-4,1584.94,179.63,239.66,4.76,2928.0,3501.0,9821.0,10188.0
2007-9-5,1236.57,148.86,239.15,3.7,0.0,4144.0,6705.0,9746.0
2007-9-6,901.47,172.03,239.34,2.75,0.0,3888.0,3461.0,7695.0
2007-9-7,1336.5,181.74,239.03,4.01,3632.0,551.0,9388.0,8733.0
2007-9-8,1469.75,186.33,239.73,4.39,3339.0,1801.0,9164.0,10245.0
2007-9-9,1679.5,209.15,238.92,5.05,2184.0,4438.0,9233.0,12160.0
2007-9-10,1117.38,177.5,239.39,3.36,935.0,595.0,5613.0,11488.0
2007-9-11,983.57,151.76,240.07,2.95,943.0,550.0,5792.0,9163.0
2007-9-12,1287.76,171.79,240.02,3.86,0.0,3217.0,7755.0,10491.0
2007-9-13,1146.38,165.96,239.31,3.46,1175.0,2523.0,3853.0,11552.0
2007-9-14,1135.47,183.13,239.3,3.44,901.0,676.0,5804.0,11634.0
2007-9-15,1095.31,184.47,240.0,3.28,0.0,1449.0,6464.0,10345.0
2007-9-16,1652.22,192.35,239.56,4.97,3118.0,3064.0,9310.0,12101.0
2007-9-17,1461.19,202.31,239.21,4.41,6651.0,926.0,6279.0,10546.0
2007-9-18,1167.52,147.13,238.26,3.51,1888.0,2029.0,5425.0,10159.0
2007-9-19,1298.68,151.79,240.31,3.88,0.0,2743.0,7937.0,11013.0
2007-9-20,1255.53,132.91,239.71,3.72,1056.0,489.0,9996.0,9424.0
2007-9-21,1238.78,152.83,239.38,3.73,3130.0,2745.0,6316.0,8508.0
2007-9-22,1176.17,183.43,239.48,3.52,944.0,1311.0,7688.0,9684.0
2007-9-23,1417.97,242.97,239.5,4.28,2831.0,1929.0,7382.0,11570.0
2007-9-24,1354.53,197.62,238.6,4.08,929.0,3935.0,7955.0,9784.0
2007-9-25,1764.34,130.08,238.1,5.21,916.0,2253.0,9820.0,16454.0
2007-9-26,1832.47,169.32,239.42,5.4,1133.0,9415.0,5695.0,14293.0
2007-9-27,1392.6,150.71,239.57,4.08,1066.0,643.0,7324.0,14168.0
2007-9-28,1680.5,222.72,239.46,4.99,996.0,3722.0,9952.0,13338.0
2007-9-29,2296.52,182.12,239.14,6.79,4085.0,7457.0,8190.0,18589.0
2007-9-30,1516.29,163.59,240.06,4.45,1405.0,582.0,10225.0,13127.0
2007-10-1,1720.92,146.73,239.24,5.07,1507.0,6622.0,5960.0,14627.0
2007-10-2,2198.86,161.83,238.49,6.47,508.0,8022.0,12815.0,15344.0
2007-10-3,1280.45,157.74,239.26,3.8,979.0,5024.0,3692.0,11691.0
2007-10-4,1518.46,138.45,239.21,4.45,2400.0,444.0,9710.0,12741.0
2007-10-5,1394.09,150.64,238.83,4.09,0.0,351.0,9425.0,13475.0
2007-10-6,1756.24,186.19,238.38,5.17,4840.0,347.0,9666.0,14403.0
2007-10-7,2106.11,153.18,238.83,6.21,2498.0,8255.0,10886.0,13481.0
2007-10-8,1095.24,121.9,239.1,3.23,0.0,420.0,5082.0,12764.0
2007-10-9,1687.86,159.8,238.88,4.98,2034.0,2147.0,9290.0,14706.0
2007-10-10,1166.97,132.75,239.42,3.49,1863.0,2117.0,3345.0,12187.0
2007-10-11,1732.45,153.11,238.44,5.11,2630.0,414.0,7806.0,18081.0
2007-10-12,1914.5,137.98,238.48,5.67,1020.0,5028.0,11659.0,14225.0
2007-10-13,1926.73,125.2,238.77,5.7,969.0,3799.0,8463.0,18966.0
2007-10-14,2061.25,150.05,239.1,6.08,2930.0,7494.0,7126.0,16820.0
2007-10-15,1266.33,118.18,239.29,3.72,1061.0,339.0,7654.0,12091.0
2007-10-16,1964.44,185.41,238.86,5.82,0.0,7871.0,9876.0,15021.0
2007-10-17,1576.93,136.4,239.19,4.64,1065.0,453.0,8968.0,15838.0
2007-10-18,1518.53,122.5,239.8,4.43,1162.0,317.0,9864.0,14007.0
2007-10-19,2085.65,121.48,239.65,6.1,1299.0,3124.0,11648.0,18719.0
2007-10-20,1660.25,139.54,241.82,4.81,2363.0,296.0,13225.0,11809.0
2007-10-21,1941.94,154.03,241.49,5.7,3712.0,4357.0,7313.0,17007.0
2007-10-22,1652.9,116.41,240.55,4.81,0.0,299.0,13027.0,14280.0
2007-10-23,1956.7,127.93,241.23,5.71,1067.0,5186.0,10680.0,15773.0
2007-10-24,1865.64,146.78,240.81,5.47,4459.0,364.0,9115.0,17213.0
2007-10-25,1853.92,132.2,240.47,5.41,1478.0,2433.0,7385.0,19594.0
2007-10-26,1437.57,109.68,240.68,4.37,0.0,348.0,5766.0,17832.0
2007-10-27,1785.69,109.19,240.2,5.31,1374.0,4856.0,8949.0,14562.0
2007-10-28,512.16,92.3,240.87,1.49,0.0,283.0,1765.0,6349.0
2007-10-29,545.43,87.0,241.19,1.57,0.0,269.0,2749.0,5963.0
2007-10-30,811.01,89.84,240.63,2.35,0.0,1935.0,4256.0,7203.0
2007-10-31,1283.21,107.2,240.34,3.74,0.0,4700.0,8915.0,7747.0
2007-11-1,496.22,85.05,240.94,1.44,0.0,293.0,1991.0,5840.0
2007-11-2,1443.6,93.36,239.35,4.2,1346.0,2115.0,12245.0,8230.0
2007-11-3,492.55,88.12,240.19,1.43,0.0,282.0,1936.0,5842.0
2007-11-4,1485.69,138.8,240.21,4.38,0.0,4387.0,7068.0,13243.0
2007-11-5,1500.59,131.35,239.66,4.4,1265.0,397.0,6583.0,16786.0
2007-11-6,2082.38,200.53,238.7,6.15,1105.0,5515.0,10690.0,17419.0
2007-11-7,1844.76,193.52,239.56,5.48,5042.0,301.0,6374.0,19068.0
2007-11-8,1501.06,134.7,240.75,4.43,1715.0,314.0,6500.0,16502.0
2007-11-9,2171.23,113.24,238.72,6.37,0.0,4573.0,15375.0,16264.0
2007-11-10,2611.6,237.65,239.11,7.71,3697.0,304.0,13767.0,25816.0
2007-11-11,1887.12,185.61,240.26,5.54,3445.0,320.0,6024.0,21723.0
2007-11-12,2156.15,137.47,239.83,6.27,1018.0,4165.0,13281.0,17443.0
2007-11-13,2214.4,140.95,241.12,6.45,978.0,4933.0,11076.0,19953.0
2007-11-14,2047.99,141.59,239.95,5.94,1055.0,295.0,16345.0,16474.0
2007-11-15,1491.99,133.07,239.98,4.4,1606.0,571.0,7503.0,15305.0
2007-11-16,2309.75,123.98,240.98,6.72,1991.0,4660.0,13564.0,18316.0
2007-11-17,2610.09,168.03,240.6,7.6,2588.0,2199.0,14990.0,23777.0
2007-11-18,2183.86,161.76,242.26,6.35,5201.0,2097.0,7066.0,21988.0
2007-11-19,1723.65,112.03,242.77,5.01,1089.0,253.0,10750.0,16695.0
2007-11-20,2095.86,124.83,241.34,6.09,1015.0,3954.0,11026.0,18999.0
2007-11-21,1754.72,131.72,241.5,5.12,1139.0,550.0,9455.0,18143.0
2007-11-22,1932.38,143.11,241.57,5.66,2867.0,297.0,9001.0,20088.0
2007-11-23,2522.62,138.91,240.72,7.34,2168.0,6181.0,13685.0,20043.0
2007-11-24,1899.05,150.51,241.8,5.51,1573.0,4131.0,13451.0,12500.0
2007-11-25,1395.6,122.78,242.66,4.09,3556.0,279.0,5678.0,13792.0
2007-11-26,1569.72,117.05,241.12,4.6,1088.0,288.0,8926.0,15931.0
2007-11-27,2801.01,139.99,241.32,8.16,1063.0,11020.0,15111.0,19539.0
2007-11-28,1644.94,115.44,242.89,4.78,1182.0,769.0,7810.0,17692.0
2007-11-29,1719.51,118.71,242.73,5.02,2031.0,283.0,8818.0,17618.0
2007-11-30,2331.73,147.28,243.49,6.76,0.0,7941.0,13601.0,17387.0
2007-12-1,3134.94,288.89,240.27,9.19,9356.0,353.0,17847.0,24752.0
2007-12-2,2946.19,325.08,240.73,8.62,2090.0,6915.0,10636.0,29438.0
2007-12-3,1762.06,131.91,241.08,5.17,1141.0,299.0,10428.0,17598.0
2007-12-4,2067.64,145.02,241.54,6.05,1012.0,5828.0,8561.0,19095.0
2007-12-5,2153.12,178.4,241.23,6.35,3422.0,295.0,10919.0,21272.0
2007-12-6,2487.93,161.94,239.71,7.34,4751.0,318.0,11908.0,24535.0
2007-12-7,1769.02,147.64,240.67,5.16,459.0,3710.0,10263.0,15118.0
2007-12-8,2213.4,154.34,239.56,6.51,1133.0,2354.0,12283.0,21169.0
2007-12-9,2274.58,200.94,239.92,6.7,4176.0,2428.0,8728.0,22598.0
2007-12-10,1758.75,125.01,241.9,5.17,1102.0,278.0,8281.0,19727.0
2007-12-11,2305.1,133.7,241.46,6.71,1050.0,3817.0,12740.0,20867.0
2007-12-12,1588.06,116.89,242.48,4.59,1152.0,254.0,7759.0,17389.0
2007-12-13,1847.75,111.49,241.83,5.42,1103.0,1448.0,8911.0,19374.0
2007-12-14,1974.81,179.55,241.99,5.76,980.0,3849.0,12941.0,15110.0
2007-12-15,2736.88,157.63,241.28,7.98,1706.0,3687.0,14313.0,25928.0
2007-12-16,2762.22,126.94,242.68,7.99,3410.0,2281.0,12929.0,27465.0
2007-12-17,1797.67,105.23,242.63,5.19,1636.0,243.0,10567.0,17600.0
2007-12-18,2623.19,144.08,242.94,7.6,1123.0,5810.0,11093.0,25751.0
2007-12-19,2196.05,109.34,242.7,6.33,1233.0,2658.0,11679.0,21135.0
2007-12-20,1949.76,119.43,243.17,5.61,1859.0,276.0,13592.0,16828.0
2007-12-21,1982.58,106.47,242.88,5.71,1191.0,200.0,12251.0,19420.0
2007-12-22,2611.26,141.31,242.15,7.59,3819.0,4550.0,12673.0,22524.0
2007-12-23,2409.05,176.27,242.56,6.98,1971.0,3091.0,11962.0,23152.0
2007-12-24,2257.85,149.75,242.65,6.55,2985.0,2316.0,14350.0,18032.0
2007-12-25,2694.97,151.81,242.98,7.79,4588.0,3368.0,9084.0,27920.0
2007-12-26,2580.28,140.31,242.39,7.43,1109.0,2773.0,9480.0,29676.0
2007-12-27,2532.2,190.58,242.11,7.4,4122.0,1490.0,7960.0,28601.0
2007-12-28,3113.05,206.8,242.28,9.03,1980.0,8554.0,15823.0,25530.0
2007-12-29,3298.96,199.89,240.55,9.56,4836.0,2434.0,14906.0,32839.0
2007-12-30,2558.92,178.44,242.1,7.47,3595.0,3597.0,13485.0,22064.0
2007-12-31,2216.54,145.54,241.09,6.46,0.0,3457.0,14071.0,19466.0
2008-1-1,2759.74,142.51,241.04,7.98,2461.0,2739.0,12355.0,28457.0
2008-1-2,1644.11,111.67,242.42,4.77,0.0,3094.0,8987.0,15349.0
2008-1-3,1510.11,121.18,243.08,4.4,1130.0,846.0,6671.0,16548.0
2008-1-4,2291.85,136.71,241.27,6.72,1241.0,5326.0,11752.0,19942.0
2008-1-5,2183.25,129.46,238.82,6.45,2113.0,286.0,14591.0,19452.0
2008-1-6,1825.18,116.96,239.41,5.39,1966.0,2445.0,7824.0,18216.0
2008-1-7,1695.81,116.17,240.74,4.92,1288.0,282.0,10294.0,16443.0
2008-1-8,2043.55,127.45,240.82,5.99,2197.0,3511.0,9793.0,18656.0
2008-1-9,1788.44,125.34,241.26,5.23,1162.0,284.0,8963.0,19521.0
2008-1-10,1894.08,120.5,240.81,5.59,1307.0,285.0,9992.0,20012.0
2008-1-11,1705.82,95.48,240.41,4.96,1261.0,290.0,7997.0,18897.0
2008-1-12,2871.41,162.72,239.96,8.52,5594.0,2621.0,11116.0,28560.0
2008-1-13,2885.38,144.35,239.75,8.45,6506.0,340.0,9378.0,31915.0
2008-1-14,2024.93,120.11,240.3,6.01,5918.0,339.0,9738.0,17816.0
2008-1-15,2686.91,113.14,240.71,7.89,782.0,6883.0,14512.0,22647.0
2008-1-16,2135.85,128.93,240.42,6.32,1162.0,3430.0,9391.0,21674.0
2008-1-17,1572.28,116.72,241.63,4.64,1007.0,350.0,8657.0,16170.0
2008-1-18,2186.99,119.29,239.93,6.43,1034.0,846.0,14983.0,19583.0
2008-1-19,1980.31,134.98,239.61,5.83,2521.0,6054.0,8015.0,16484.0
2008-1-20,1740.37,138.61,239.94,5.15,1775.0,380.0,4940.0,21919.0
2008-1-21,1859.0,122.4,239.56,5.52,0.0,376.0,10447.0,20202.0
2008-1-22,2325.02,143.46,240.09,6.93,4670.0,7640.0,7552.0,18857.0
2008-1-23,1882.31,107.98,240.91,5.52,1116.0,387.0,13359.0,16544.0
2008-1-24,1645.02,104.31,240.78,4.89,1107.0,320.0,5935.0,20148.0
2008-1-25,2239.86,119.63,240.71,6.54,0.0,2421.0,11409.0,23490.0
2008-1-26,2834.99,168.42,239.76,8.37,4925.0,311.0,15606.0,26441.0
2008-1-27,2381.77,140.76,241.3,6.98,3725.0,3818.0,7367.0,24808.0
2008-1-28,2308.2,107.84,240.47,6.77,1142.0,280.0,12792.0,24291.0
2008-1-29,2676.02,117.18,240.62,7.84,1487.0,6199.0,11077.0,25876.0
2008-1-30,1640.65,116.47,241.61,4.83,0.0,261.0,7261.0,19841.0
2008-1-31,1953.92,137.58,241.89,5.79,1165.0,267.0,9437.0,21715.0
2008-2-1,1534.65,179.25,240.36,4.52,336.0,280.0,7241.0,17734.0
2008-2-2,2937.61,231.05,240.29,8.65,6247.0,2766.0,15206.0,24799.0
2008-2-3,2084.57,153.71,240.34,6.14,2319.0,4435.0,8452.0,19615.0
2008-2-4,1628.14,104.03,240.26,4.78,1161.0,252.0,9531.0,16252.0
2008-2-5,2472.46,152.79,240.98,7.21,1098.0,7803.0,13717.0,18668.0
2008-2-6,1669.54,114.26,238.41,4.93,2114.0,356.0,8428.0,16972.0
2008-2-7,1518.31,108.71,241.07,4.44,0.0,295.0,8089.0,16978.0
2008-2-8,1950.56,119.09,240.43,5.75,940.0,1921.0,9563.0,20126.0
2008-2-9,2102.28,144.53,241.76,6.09,2050.0,2838.0,10293.0,19933.0
2008-2-10,2184.71,151.74,241.28,6.4,2562.0,2955.0,10128.0,20836.0
2008-2-11,1692.02,102.25,241.69,4.93,1018.0,297.0,8930.0,18087.0
2008-2-12,1987.8,130.95,239.51,5.85,2009.0,1856.0,12138.0,17203.0
2008-2-13,1900.5,128.48,241.2,5.58,2530.0,3615.0,7568.0,18003.0
2008-2-14,1604.62,113.65,240.76,4.68,1300.0,291.0,9299.0,15852.0
2008-2-15,2005.21,107.95,241.89,5.78,1109.0,1723.0,13417.0,17224.0
2008-2-16,2346.95,138.99,241.09,6.89,1076.0,2360.0,11599.0,24040.0
2008-2-17,1933.37,120.08,242.47,5.65,3182.0,2257.0,6049.0,20755.0
2008-2-18,1514.4,101.97,242.06,4.38,0.0,251.0,10345.0,14646.0
2008-2-19,2126.92,137.57,241.01,6.22,1881.0,4711.0,11200.0,17622.0
2008-2-20,2253.79,190.27,241.67,6.61,3655.0,5516.0,7704.0,20742.0
2008-2-21,1633.85,112.27,240.75,4.79,0.0,307.0,8523.0,18456.0
2008-2-22,1732.56,121.69,241.44,5.06,1167.0,1985.0,10101.0,15676.0
2008-2-23,1836.86,132.61,239.67,5.41,1684.0,2250.0,10075.0,16674.0
2008-2-24,1263.01,107.33,240.38,3.64,754.0,332.0,11447.0,8618.0
2008-2-25,504.49,91.72,239.78,1.46,0.0,321.0,1856.0,6432.0
2008-2-26,507.12,84.59,239.53,1.46,0.0,295.0,2013.0,6303.0
2008-2-27,566.72,86.17,239.55,1.63,0.0,326.0,2969.0,6312.0
2008-2-28,509.18,83.25,239.8,1.47,0.0,281.0,2028.0,6380.0
2008-2-29,1333.35,88.95,238.04,3.87,0.0,3773.0,8062.0,10455.0
2008-3-1,1141.88,105.16,239.43,3.28,0.0,1287.0,2724.0,14973.0
2008-3-2,1162.23,144.71,239.75,3.42,0.0,5244.0,2565.0,11662.0
2008-3-3,1040.55,114.33,240.35,2.98,0.0,2207.0,1755.0,13362.0
2008-3-4,1668.99,108.96,241.03,4.87,1249.0,2443.0,9415.0,14776.0
2008-3-5,2037.21,140.9,241.07,5.97,1145.0,9797.0,5529.0,17592.0
2008-3-6,2503.21,106.18,240.43,7.21,1082.0,372.0,6965.0,33306.0
2008-3-7,1862.96,129.39,240.82,5.44,1235.0,3471.0,9033.0,17358.0
2008-3-8,2248.66,237.08,241.59,6.59,6286.0,346.0,8435.0,22403.0
2008-3-9,1560.46,135.57,240.75,4.59,2607.0,333.0,4155.0,18894.0
2008-3-10,1618.69,127.12,241.73,4.71,2009.0,368.0,8660.0,15992.0
2008-3-11,2200.04,151.1,240.42,6.47,1271.0,3901.0,12936.0,18567.0
2008-3-12,1774.23,138.19,241.06,5.17,1120.0,2374.0,11042.0,15075.0
2008-3-13,1675.51,128.47,240.8,4.94,3263.0,3590.0,5464.0,15663.0
2008-3-14,2210.22,159.75,240.63,6.45,980.0,3881.0,14476.0,17567.0
2008-3-15,1576.3,154.41,240.2,4.65,2550.0,502.0,5910.0,17332.0
2008-3-16,1801.96,173.65,241.29,5.3,2394.0,566.0,11286.0,15825.0
2008-3-17,1706.92,175.27,240.81,5.01,236.0,6651.0,9346.0,12280.0
2008-3-18,1917.57,147.44,241.93,5.57,1156.0,4019.0,12544.0,14308.0
2008-3-19,1308.45,142.5,242.4,3.83,2110.0,411.0,6154.0,13168.0
2008-3-20,1253.27,120.85,241.76,3.66,1107.0,478.0,6670.0,12723.0
2008-3-21,2066.44,223.82,241.37,6.04,2171.0,4778.0,13275.0,14227.0
2008-3-22,2053.52,185.68,241.61,6.02,3322.0,588.0,12405.0,17975.0
2008-3-23,2325.99,152.45,242.65,6.79,6279.0,2112.0,13878.0,16489.0
2008-3-24,1978.45,131.17,242.7,5.76,1169.0,5988.0,7025.0,18815.0
2008-3-25,2015.86,127.83,242.14,5.87,2246.0,3677.0,13494.0,14229.0
2008-3-26,1633.47,133.6,242.81,4.76,2547.0,3831.0,7547.0,13366.0
2008-3-27,1370.82,116.44,242.1,3.96,0.0,356.0,9022.0,13534.0
2008-3-28,1885.42,137.64,242.32,5.48,2325.0,3605.0,11581.0,13994.0
2008-3-29,2471.15,175.07,241.25,7.21,5153.0,375.0,17240.0,18489.0
2008-3-30,2146.39,175.97,241.16,6.28,5045.0,1315.0,9769.0,19712.0
2008-3-31,1377.57,130.86,242.73,4.01,1091.0,411.0,9387.0,12124.0
2008-4-1,2129.05,170.4,241.62,6.2,1079.0,6657.0,14515.0,13279.0
2008-4-2,1691.67,142.54,238.67,5.01,1106.0,3674.0,7989.0,15474.0
2008-4-3,1128.76,121.24,240.69,3.28,0.0,422.0,6901.0,11614.0
2008-4-4,1631.92,125.31,241.33,4.73,2133.0,775.0,13246.0,11155.0
2008-4-5,1970.76,203.68,240.56,5.78,2929.0,874.0,13644.0,15445.0
2008-4-6,1696.32,150.57,241.15,4.95,1124.0,2615.0,7552.0,16944.0
2008-4-7,1538.84,141.28,243.23,4.48,2420.0,672.0,9466.0,13096.0
2008-4-8,2657.52,184.18,242.07,7.7,2752.0,10713.0,17519.0,13317.0
2008-4-9,1218.85,132.86,242.32,3.52,0.0,376.0,9003.0,10909.0
2008-4-10,1477.75,163.68,241.95,4.31,3261.0,457.0,6527.0,14328.0
2008-4-11,1877.66,143.89,240.76,5.45,1802.0,491.0,14522.0,14462.0
2008-4-12,2800.01,392.27,241.06,8.22,7076.0,2499.0,15225.0,21855.0
2008-4-13,2232.99,213.51,240.42,6.55,2554.0,5942.0,13007.0,15701.0
2008-4-14,1589.58,154.96,242.31,4.6,0.0,425.0,11197.0,14929.0
2008-4-15,1670.41,178.78,241.24,4.91,1174.0,3998.0,9874.0,12867.0
2008-4-16,1489.06,125.9,241.74,4.32,838.0,403.0,11322.0,12283.0
2008-4-17,1395.86,145.88,241.4,4.1,1719.0,417.0,8638.0,12509.0
2008-4-18,1862.39,184.65,240.64,5.46,2174.0,3832.0,10921.0,14194.0
2008-4-19,2253.71,245.28,241.14,6.64,4319.0,2457.0,14722.0,16124.0
2008-4-20,1791.42,227.85,241.43,5.26,1030.0,4544.0,10401.0,13884.0
2008-4-21,1164.16,175.4,241.99,3.4,0.0,2673.0,6788.0,9918.0
2008-4-22,1627.68,193.15,240.96,4.77,971.0,5093.0,10603.0,10467.0
2008-4-23,1357.33,189.5,241.51,3.97,1380.0,492.0,8406.0,12292.0
2008-4-24,1043.77,171.92,240.61,3.06,1263.0,522.0,5296.0,10311.0
2008-4-25,1267.73,162.22,241.01,3.7,824.0,2004.0,9400.0,8866.0
2008-4-26,903.17,168.7,240.79,2.63,0.0,634.0,3586.0,10828.0
2008-4-27,1008.24,198.12,240.91,2.96,693.0,588.0,5488.0,10023.0
2008-4-28,659.05,167.12,240.98,1.95,0.0,621.0,2786.0,7535.0
2008-4-29,1972.62,215.36,240.71,5.77,1402.0,5411.0,10481.0,15595.0
2008-4-30,1101.73,171.56,241.43,3.22,1057.0,590.0,6653.0,10058.0
2008-5-1,576.01,150.7,241.45,1.7,0.0,530.0,2586.0,6468.0
2008-5-2,1497.77,205.57,241.65,4.38,3114.0,584.0,8687.0,12534.0
2008-5-3,1289.6,202.0,240.83,3.8,996.0,541.0,6535.0,13399.0
2008-5-4,1470.97,209.42,241.38,4.36,2196.0,2872.0,5464.0,13971.0
2008-5-5,1366.93,185.75,240.74,4.0,1008.0,378.0,10197.0,11212.0
2008-5-6,1789.98,199.6,240.29,5.25,1354.0,5410.0,12200.0,10861.0
2008-5-7,1176.26,190.96,241.08,3.46,1030.0,423.0,6649.0,11507.0
2008-5-8,2116.7,253.24,239.85,6.18,3667.0,702.0,12717.0,18218.0
2008-5-9,1747.27,229.87,240.47,5.14,2229.0,423.0,11904.0,14655.0
2008-5-10,1909.13,289.81,240.09,5.64,6950.0,612.0,11714.0,12540.0
2008-5-11,1610.92,275.7,240.49,4.8,563.0,1340.0,6930.0,18042.0
2008-5-12,1524.2,229.14,241.04,4.52,2082.0,1085.0,11959.0,10329.0
2008-5-13,1476.89,236.47,240.37,4.39,823.0,4089.0,8370.0,11371.0
2008-5-14,1584.26,277.37,240.71,4.71,2467.0,3436.0,9716.0,10816.0
2008-5-15,1162.77,237.72,240.35,3.52,868.0,570.0,6820.0,11134.0
2008-5-16,1648.97,235.53,239.63,4.92,2228.0,2566.0,8956.0,13752.0
2008-5-17,1657.45,275.9,239.47,4.95,2158.0,935.0,12472.0,12059.0
2008-5-18,1803.96,254.49,239.68,5.41,1775.0,5355.0,8626.0,14320.0
2008-5-19,1030.26,175.74,240.43,3.07,1014.0,558.0,7503.0,8188.0
2008-5-20,1581.33,184.08,241.02,4.68,1352.0,2431.0,11977.0,10622.0
2008-5-21,1324.11,190.33,240.76,3.92,1989.0,474.0,9251.0,10406.0
2008-5-22,976.87,169.82,239.5,2.96,996.0,440.0,6475.0,8391.0
2008-5-23,1484.92,178.96,239.5,4.36,0.0,1390.0,14734.0,8686.0
2008-5-24,1580.18,285.55,240.72,4.67,1027.0,569.0,12833.0,11974.0
2008-5-25,2048.5,290.42,239.95,6.14,4307.0,8811.0,6016.0,15047.0
2008-5-26,1289.71,220.7,240.36,3.93,985.0,666.0,9284.0,10604.0
2008-5-27,1708.7,207.47,239.39,5.11,0.0,5352.0,11478.0,11640.0
2008-5-28,1114.37,235.64,241.32,3.35,3138.0,512.0,6709.0,8307.0
2008-5-29,1135.08,186.83,237.68,3.48,1004.0,507.0,8703.0,8717.0
2008-5-30,1397.24,182.22,240.55,4.2,0.0,3019.0,11298.0,9038.0
2008-5-31,1641.47,249.92,240.65,4.92,1764.0,2328.0,11858.0,11482.0
2008-6-1,1848.88,225.34,240.62,5.42,1906.0,545.0,11307.0,17105.0
2008-6-2,1074.01,165.16,236.37,3.22,960.0,558.0,6341.0,10082.0
2008-6-3,1597.82,173.94,234.15,4.84,2897.0,2608.0,9265.0,11972.0
2008-6-4,1588.91,152.4,234.71,4.83,1550.0,7682.0,6508.0,10779.0
2008-6-5,1120.08,153.11,235.16,3.4,1747.0,506.0,8781.0,7635.0
2008-6-6,1217.71,174.52,239.72,3.67,1009.0,506.0,7871.0,10900.0
2008-6-7,1882.48,186.41,238.98,5.53,2379.0,2611.0,14593.0,11838.0
2008-6-8,1542.32,188.38,239.96,4.6,2536.0,3161.0,9732.0,10350.0
2008-6-9,1325.7,183.64,239.43,4.04,1967.0,2085.0,7921.0,10157.0
2008-6-10,1067.09,216.02,239.98,3.2,907.0,585.0,8992.0,7355.0
2008-6-11,1123.21,214.37,240.15,3.39,977.0,842.0,7566.0,9401.0
2008-6-12,1259.33,189.29,239.69,3.8,1951.0,567.0,7246.0,11211.0
2008-6-13,1875.63,281.93,238.89,5.61,2809.0,7358.0,10549.0,10548.0
2008-6-14,1384.92,344.28,240.01,4.21,1862.0,1011.0,10681.0,9472.0
2008-6-15,2289.1,281.01,239.45,6.77,6471.0,6802.0,11589.0,13335.0
2008-6-16,1303.04,204.38,240.43,3.9,1980.0,464.0,10012.0,9305.0
2008-6-17,1145.08,175.46,240.35,3.43,1080.0,432.0,10094.0,7530.0
2008-6-18,1893.61,272.72,239.74,5.71,7549.0,3040.0,12687.0,8307.0
2008-6-19,1588.08,189.42,239.27,4.74,3411.0,1514.0,10911.0,10604.0
2008-6-20,1676.1,227.42,239.94,5.01,2948.0,2935.0,12417.0,9611.0
2008-6-21,1734.25,239.03,239.46,5.13,940.0,5823.0,12828.0,9359.0
2008-6-22,1566.42,294.14,239.04,4.67,4705.0,1175.0,10652.0,9577.0
2008-6-23,1251.8,210.96,238.94,3.79,2600.0,581.0,10124.0,7561.0
2008-6-24,1754.45,253.02,237.92,5.26,2779.0,3489.0,14271.0,8712.0
2008-6-25,1261.77,290.63,238.89,3.91,2773.0,569.0,9402.0,8279.0
2008-6-26,1056.02,217.41,239.35,3.21,921.0,572.0,8971.0,7125.0
2008-6-27,1755.15,262.01,238.93,5.24,4159.0,2372.0,10163.0,12574.0
2008-6-28,1208.8,210.95,239.14,3.69,0.0,2000.0,7932.0,10212.0
2008-6-29,749.35,183.66,240.16,2.33,955.0,535.0,3896.0,7102.0
2008-6-30,804.2,189.53,240.38,2.48,0.0,521.0,6819.0,6080.0
2008-7-1,1215.24,277.79,239.54,3.74,3465.0,587.0,8390.0,7812.0
2008-7-2,1147.2,266.54,238.96,3.57,962.0,650.0,7002.0,10506.0
2008-7-3,1098.36,213.75,239.64,3.34,958.0,2569.0,7410.0,7406.0
2008-7-4,942.02,188.13,240.18,2.83,0.0,589.0,8302.0,6833.0
2008-7-5,1469.09,224.78,239.56,4.39,1875.0,6754.0,8365.0,7511.0
2008-7-6,1805.06,253.58,240.59,5.36,4258.0,5230.0,7536.0,13066.0
2008-7-7,983.39,202.81,239.63,2.97,2171.0,592.0,7149.0,6467.0
2008-7-8,1126.21,196.32,239.7,3.37,991.0,503.0,7592.0,9704.0
2008-7-9,919.32,191.72,240.33,2.78,951.0,499.0,7352.0,6477.0
2008-7-10,1251.28,240.24,239.87,3.74,982.0,552.0,8186.0,11142.0
2008-7-11,1254.22,251.04,239.52,3.78,724.0,558.0,9251.0,10374.0
2008-7-12,1328.85,266.12,240.06,4.05,4436.0,2617.0,7231.0,7877.0
2008-7-13,1256.62,167.36,240.29,3.77,1671.0,3164.0,7093.0,9051.0
2008-7-14,1137.93,209.67,240.49,3.43,2564.0,1995.0,6436.0,8009.0
2008-7-15,1155.86,190.94,239.78,3.44,968.0,552.0,8585.0,9186.0
2008-7-16,1077.06,206.46,240.59,3.24,1537.0,2799.0,4978.0,8623.0
2008-7-17,1319.12,239.51,239.92,4.03,1122.0,723.0,8280.0,11901.0
2008-7-18,1261.58,195.61,239.58,3.74,1143.0,552.0,9260.0,10084.0
2008-7-19,1344.01,208.03,239.15,4.02,2941.0,3146.0,7676.0,8647.0
2008-7-20,941.53,172.58,239.78,2.84,1943.0,1076.0,5457.0,7161.0
2008-7-21,1156.48,172.45,239.1,3.48,1698.0,431.0,9189.0,7962.0
2008-7-22,740.24,161.13,239.67,2.27,0.0,430.0,4886.0,7032.0
2008-7-23,942.63,162.39,240.1,2.85,1233.0,454.0,6325.0,7722.0
2008-7-24,1093.45,185.88,239.88,3.22,837.0,476.0,8344.0,8496.0
2008-7-25,865.53,182.71,239.06,2.62,1168.0,492.0,6731.0,5963.0
2008-7-26,815.68,213.32,240.03,2.49,0.0,948.0,6243.0,6457.0
2008-7-27,1147.4,233.14,238.47,3.51,1063.0,858.0,8385.0,8811.0
2008-7-28,825.8,198.51,239.99,2.57,0.0,509.0,5963.0,7434.0
2008-7-29,1166.56,208.38,240.25,3.64,1571.0,530.0,5802.0,11581.0
2008-7-30,1299.91,227.54,239.09,4.07,2548.0,773.0,6278.0,12172.0
2008-7-31,1392.64,243.48,240.1,4.23,1533.0,2808.0,7588.0,11314.0
2008-8-1,739.58,252.7,239.81,2.33,586.0,1150.0,5091.0,5496.0
2008-8-2,505.78,178.29,239.13,1.59,0.0,504.0,3803.0,4077.0
2008-8-3,504.78,166.05,237.05,1.58,0.0,499.0,3926.0,3968.0
2008-8-4,1126.13,193.71,237.86,3.42,596.0,4677.0,4411.0,9032.0
2008-8-5,827.12,180.25,238.74,2.51,635.0,509.0,7118.0,5527.0
2008-8-6,326.11,214.5,240.57,1.09,0.0,513.0,2215.0,2646.0
2008-8-7,334.88,214.94,239.31,1.12,0.0,526.0,2357.0,2648.0
2008-8-8,302.2,196.45,239.46,1.01,0.0,481.0,1980.0,2524.0
2008-8-9,358.92,199.99,240.71,1.16,0.0,489.0,1902.0,3510.0
2008-8-10,352.03,189.11,240.26,1.12,0.0,464.0,1905.0,3430.0
2008-8-11,371.92,187.62,240.72,1.17,0.0,489.0,1880.0,3777.0
2008-8-12,288.98,187.04,240.05,0.95,0.0,462.0,1844.0,2439.0
2008-8-13,282.58,183.84,240.87,0.93,0.0,451.0,1789.0,2375.0
2008-8-14,270.26,177.97,241.14,0.89,0.0,441.0,1641.0,2304.0
2008-8-15,273.65,178.18,241.16,0.9,0.0,439.0,1691.0,2321.0
2008-8-16,274.81,181.68,242.1,0.9,0.0,442.0,1688.0,2322.0
2008-8-17,274.8,179.52,241.18,0.9,0.0,445.0,1710.0,2331.0
2008-8-18,273.76,178.1,241.36,0.89,0.0,440.0,1719.0,2291.0
2008-8-19,274.69,180.62,240.89,0.9,0.0,442.0,1697.0,2342.0
2008-8-20,268.47,178.06,241.54,0.88,0.0,437.0,1626.0,2322.0
2008-8-21,261.3,168.97,240.3,0.85,0.0,432.0,1577.0,2236.0
2008-8-22,267.12,174.65,240.88,0.87,0.0,438.0,1614.0,2302.0
2008-8-23,254.64,169.42,242.14,0.83,0.0,419.0,1485.0,2206.0
2008-8-24,254.72,163.91,241.61,0.83,0.0,404.0,1523.0,2183.0
2008-8-25,250.3,163.87,241.47,0.81,0.0,422.0,1436.0,2190.0
2008-8-26,257.56,166.57,241.12,0.84,0.0,420.0,1533.0,2229.0
2008-8-27,258.11,165.87,240.58,0.83,0.0,399.0,1539.0,2231.0
2008-8-28,268.25,174.1,240.54,0.88,0.0,432.0,1631.0,2298.0
2008-8-29,267.59,171.19,240.34,0.87,0.0,430.0,1599.0,2336.0
2008-8-30,270.42,177.55,240.51,0.89,0.0,435.0,1619.0,2382.0
2008-8-31,1500.86,210.67,240.02,4.45,2056.0,3733.0,12118.0,7076.0
2008-9-1,1247.51,184.49,239.92,3.73,950.0,521.0,10183.0,9107.0
2008-9-2,1384.15,224.63,239.33,4.14,4273.0,1206.0,6648.0,10927.0
2008-9-3,1388.49,179.29,240.03,4.12,1326.0,1902.0,10213.0,9736.0
2008-9-4,1225.22,151.87,238.66,3.65,2225.0,404.0,9408.0,8432.0
2008-9-5,873.96,147.24,239.59,2.61,379.0,431.0,6943.0,6817.0
2008-9-6,1868.57,238.29,239.34,5.52,2948.0,6500.0,13400.0,8293.0
2008-9-7,1372.66,176.44,240.59,4.08,3612.0,1707.0,5976.0,11671.0
2008-9-8,1309.32,160.57,241.38,3.85,747.0,2293.0,9559.0,9287.0
2008-9-9,1159.65,180.67,239.78,3.46,236.0,453.0,7728.0,10925.0
2008-9-10,1300.76,166.43,239.48,3.86,1009.0,399.0,10281.0,9948.0
2008-9-11,1028.71,192.04,239.1,3.08,1005.0,417.0,7644.0,8078.0
2008-9-12,1392.76,178.3,239.97,4.14,1867.0,402.0,8738.0,12171.0
2008-9-13,1631.44,186.19,240.12,4.82,930.0,5433.0,11807.0,9006.0
2008-9-14,1576.33,193.75,239.89,4.74,4673.0,445.0,6538.0,14633.0
2008-9-15,1697.71,136.12,240.26,5.07,960.0,364.0,10322.0,16694.0
2008-9-16,1221.86,156.06,240.95,3.62,0.0,368.0,8249.0,11752.0
2008-9-17,1519.21,177.17,240.66,4.49,1910.0,3727.0,9371.0,10377.0
2008-9-18,1505.29,189.38,240.33,4.45,4202.0,357.0,7991.0,12603.0
2008-9-19,1518.85,166.77,240.36,4.48,1569.0,351.0,12367.0,11070.0
2008-9-20,1304.6,156.2,240.59,3.81,0.0,370.0,12477.0,8954.0
2008-9-21,1533.07,206.26,240.94,4.56,4010.0,2381.0,8347.0,10856.0
2008-9-22,1358.56,151.52,240.21,4.01,1014.0,2448.0,10227.0,9037.0
2008-9-23,1232.79,165.13,240.18,3.68,0.0,2168.0,7920.0,10517.0
2008-9-24,1718.35,173.47,240.13,5.03,2019.0,4730.0,10548.0,11356.0
2008-9-25,1131.22,173.77,240.29,3.34,1012.0,751.0,8485.0,8644.0
2008-9-26,1431.45,211.57,240.39,4.24,1221.0,370.0,10890.0,11448.0
2008-9-27,2127.45,257.04,240.15,6.26,4347.0,2584.0,12688.0,15892.0
2008-9-28,1731.1,163.97,240.28,5.08,1920.0,385.0,11242.0,15318.0
2008-9-29,1501.74,199.43,240.26,4.41,1014.0,363.0,10677.0,13014.0
2008-9-30,1375.01,155.09,240.58,4.02,998.0,360.0,7415.0,14185.0
2008-10-1,1872.36,181.26,241.13,5.48,2249.0,5800.0,10808.0,12396.0
2008-10-2,1345.34,153.68,240.33,3.95,0.0,367.0,9060.0,13054.0
2008-10-3,1612.58,158.6,239.84,4.75,4801.0,349.0,9432.0,12333.0
2008-10-4,2100.5,216.2,240.17,6.14,3462.0,629.0,12573.0,18365.0
2008-10-5,1549.95,146.3,240.14,4.53,990.0,3257.0,6071.0,15500.0
2008-10-6,1423.78,125.2,239.12,4.22,990.0,286.0,9562.0,12894.0
2008-10-7,1726.57,187.23,238.85,5.17,1016.0,419.0,9476.0,17871.0
2008-10-8,1860.58,152.41,240.05,5.43,1044.0,5126.0,11650.0,13193.0
2008-10-9,1983.68,181.9,239.28,5.81,1032.0,3064.0,11652.0,17295.0
2008-10-10,1518.34,148.04,239.63,4.44,0.0,389.0,12046.0,12875.0
2008-10-11,1669.39,154.85,239.18,4.91,2144.0,2335.0,11373.0,12005.0
2008-10-12,1907.94,161.81,240.15,5.62,2561.0,5822.0,7171.0,16283.0
2008-10-13,1461.98,147.89,240.81,4.25,1037.0,535.0,9483.0,13313.0
2008-10-14,1609.06,164.29,239.22,4.73,1177.0,442.0,9939.0,15255.0
2008-10-15,2156.9,168.46,239.51,6.33,1998.0,7042.0,9984.0,16945.0
2008-10-16,1583.68,136.84,239.26,4.66,951.0,429.0,8438.0,16595.0
2008-10-17,1866.89,153.52,240.05,5.48,2036.0,3187.0,9639.0,16250.0
2008-10-18,2239.19,162.63,239.84,6.55,799.0,1655.0,12146.0,22748.0
2008-10-19,1971.93,181.6,240.04,5.81,698.0,8010.0,4600.0,19541.0
2008-10-20,1667.55,137.81,240.43,4.86,844.0,2648.0,10475.0,13839.0
2008-10-21,2063.72,152.34,239.73,6.08,857.0,2663.0,11331.0,19542.0
2008-10-22,1646.01,149.34,240.82,4.84,662.0,2542.0,8487.0,15716.0
2008-10-23,1830.49,161.21,240.4,5.37,815.0,1435.0,10587.0,17669.0
2008-10-24,2133.23,168.01,240.41,6.27,7893.0,2277.0,10284.0,15084.0
2008-10-25,1581.2,115.68,240.9,4.59,737.0,408.0,14212.0,10979.0
2008-10-26,523.49,115.53,242.12,1.5,0.0,360.0,2013.0,6310.0
2008-10-27,523.89,128.98,242.23,1.51,0.0,402.0,1967.0,6318.0
2008-10-28,1327.29,145.08,241.33,3.85,2263.0,362.0,5090.0,14396.0
2008-10-29,1612.58,133.28,241.79,4.6,1037.0,345.0,4015.0,21540.0
2008-10-30,1098.6,123.03,242.08,3.27,0.0,345.0,2619.0,15390.0
2008-10-31,1285.83,104.35,241.33,3.77,0.0,312.0,10483.0,10610.0
2008-11-1,830.5,113.67,241.81,2.63,0.0,344.0,1939.0,11534.0
2008-11-2,910.61,120.47,242.16,2.86,0.0,346.0,2824.0,11966.0
2008-11-3,847.6,115.25,241.77,2.67,963.0,347.0,1892.0,10900.0
2008-11-4,1562.32,121.48,240.8,4.65,0.0,6214.0,4106.0,15644.0
2008-11-5,3134.93,257.82,239.48,9.24,7597.0,10409.0,8362.0,25900.0
2008-11-6,1588.44,181.47,240.39,4.73,1033.0,430.0,6734.0,18318.0
2008-11-7,1619.18,109.99,239.75,4.75,1032.0,389.0,10421.0,15152.0
2008-11-8,1733.14,133.17,239.31,5.1,1114.0,3271.0,6069.0,18422.0
2008-11-9,2578.54,210.95,238.45,7.62,6301.0,661.0,14348.0,21677.0
2008-11-10,2122.14,155.62,239.61,6.24,1223.0,355.0,10383.0,23474.0
2008-11-11,2455.95,128.08,239.88,7.18,2475.0,2288.0,14651.0,21509.0
2008-11-12,2189.66,158.97,240.39,6.35,1066.0,2713.0,9467.0,23279.0
2008-11-13,1238.46,125.42,241.6,3.63,0.0,338.0,6315.0,13955.0
2008-11-14,1621.74,127.89,241.02,4.76,2092.0,325.0,9929.0,14669.0
2008-11-15,3031.63,165.16,238.63,8.96,3952.0,3799.0,15635.0,27151.0
2008-11-16,2365.43,163.13,240.49,6.92,4791.0,1829.0,8945.0,23928.0
2008-11-17,1523.64,118.87,241.13,4.41,0.0,378.0,10590.0,14480.0
2008-11-18,1749.05,139.28,239.9,5.14,1079.0,369.0,11204.0,16495.0
2008-11-19,1840.24,166.45,240.54,5.41,1737.0,3026.0,8704.0,17246.0
2008-11-20,1692.34,121.19,239.82,4.98,1034.0,347.0,7732.0,19179.0
2008-11-21,1673.93,127.55,239.93,4.95,1039.0,348.0,10396.0,16092.0
2008-11-22,1711.37,124.87,239.73,5.05,1093.0,882.0,8320.0,18201.0
2008-11-23,3406.74,207.0,239.15,10.05,3631.0,8824.0,10290.0,34060.0
2008-11-24,3213.0,121.62,240.36,9.29,1063.0,510.0,13378.0,38600.0
2008-11-25,2702.85,150.56,240.93,7.82,3010.0,345.0,10471.0,31228.0
2008-11-26,1515.95,120.0,242.4,4.36,909.0,304.0,10002.0,14115.0
2008-11-27,2362.22,126.22,241.44,6.84,2491.0,330.0,12440.0,24126.0
2008-11-28,1885.96,128.43,243.07,5.41,1113.0,295.0,11361.0,18733.0
2008-11-29,2434.67,166.51,241.24,7.05,5268.0,2392.0,12386.0,20594.0
2008-11-30,2401.39,170.9,242.37,6.96,1161.0,3481.0,11474.0,23947.0
2008-12-1,1616.54,118.68,243.45,4.76,1085.0,309.0,9013.0,16543.0
2008-12-2,1793.44,145.91,243.38,5.22,0.0,304.0,11343.0,18282.0
2008-12-3,1755.16,124.72,243.38,5.07,1137.0,302.0,9664.0,18183.0
2008-12-4,1738.64,113.99,243.46,5.02,1085.0,281.0,11314.0,16344.0
2008-12-5,2058.62,120.03,242.98,5.97,831.0,310.0,9852.0,23379.0
2008-12-6,2523.84,188.14,241.14,7.36,4005.0,5749.0,9048.0,23365.0
2008-12-7,2466.74,180.22,242.24,7.16,3294.0,310.0,13627.0,23885.0
2008-12-8,1868.64,120.78,243.73,5.38,1117.0,296.0,13256.0,16446.0
2008-12-9,2003.14,132.52,243.56,5.76,1985.0,2553.0,12886.0,16018.0
2008-12-10,2214.21,146.14,243.4,6.36,1128.0,4144.0,12140.0,19531.0
2008-12-11,1432.52,114.92,243.42,4.12,1160.0,273.0,7979.0,14511.0
2008-12-12,1815.53,139.34,243.04,5.22,1157.0,255.0,12154.0,16752.0
2008-12-13,1825.57,163.28,241.54,5.32,2186.0,261.0,9271.0,18775.0
2008-12-14,2002.12,164.01,241.62,5.88,3742.0,2497.0,5415.0,21751.0
2008-12-15,1795.45,113.74,243.04,5.19,1178.0,252.0,9668.0,18898.0
2008-12-16,1797.09,114.6,243.88,5.19,0.0,253.0,11334.0,18449.0
2008-12-17,2098.79,136.22,243.31,6.08,4251.0,284.0,10813.0,19716.0
2008-12-18,1736.94,118.07,242.86,4.99,1125.0,258.0,11293.0,16284.0
2008-12-19,1882.11,132.15,241.87,5.48,1538.0,296.0,11773.0,17809.0
2008-12-20,2242.77,160.69,242.57,6.5,1132.0,6479.0,12819.0,17003.0
2008-12-21,2643.61,135.07,241.72,7.66,1099.0,9189.0,14816.0,19003.0
2008-12-22,2015.81,124.87,241.86,5.86,2157.0,391.0,10433.0,20627.0
2008-12-23,1798.09,151.08,241.77,5.25,2666.0,2115.0,8326.0,16912.0
2008-12-24,1269.64,115.32,243.96,3.63,0.0,364.0,9981.0,10828.0
2008-12-25,1061.12,116.88,243.23,3.04,0.0,285.0,3598.0,13853.0
2008-12-26,1223.73,124.22,244.35,3.5,1121.0,279.0,7796.0,11277.0
2008-12-27,2972.16,118.13,243.31,8.43,0.0,244.0,12209.0,37102.0
2008-12-28,1570.64,112.25,244.56,4.42,1953.0,217.0,5291.0,18753.0
2008-12-29,555.28,91.64,244.95,1.58,0.0,218.0,2480.0,6682.0
2008-12-30,1195.24,113.21,244.64,3.4,0.0,245.0,7145.0,12621.0
2008-12-31,1964.19,129.27,243.3,5.69,2975.0,246.0,11860.0,17641.0
2009-1-1,1406.69,112.67,242.84,4.15,765.0,3845.0,2803.0,16113.0
2009-1-2,2327.51,204.73,242.7,6.74,2417.0,6018.0,11841.0,18552.0
2009-1-3,1913.5,174.91,243.68,5.53,6440.0,328.0,10439.0,14732.0
2009-1-4,1939.99,167.34,244.82,5.63,1457.0,5251.0,3245.0,22478.0
2009-1-5,1604.0,128.94,244.83,4.64,1247.0,322.0,8650.0,16612.0
2009-1-6,1689.86,115.56,245.09,4.83,0.0,254.0,12462.0,15535.0
2009-1-7,2080.27,141.5,246.04,5.95,2687.0,3820.0,9979.0,18194.0
2009-1-8,1633.27,124.37,245.35,4.72,2773.0,299.0,10075.0,14110.0
2009-1-9,1788.7,115.57,244.62,5.18,1802.0,272.0,9285.0,18574.0
2009-1-10,2102.95,161.73,244.12,6.09,2828.0,4288.0,12539.0,15494.0
2009-1-11,1975.99,143.24,245.53,5.76,4521.0,5301.0,5887.0,17242.0
2009-1-12,1589.28,112.43,245.53,4.51,0.0,261.0,12147.0,14158.0
2009-1-13,2182.6,134.14,244.46,6.25,1140.0,329.0,16194.0,18687.0
2009-1-14,1779.08,120.84,244.61,5.1,2277.0,333.0,10319.0,16784.0
2009-1-15,1564.07,115.55,243.02,4.52,2731.0,390.0,9561.0,13505.0
2009-1-16,2766.55,179.92,242.57,8.04,5811.0,3158.0,15220.0,21895.0
2009-1-17,3317.82,164.54,241.63,9.58,2477.0,3154.0,15322.0,34378.0
2009-1-18,3154.19,209.84,242.64,9.17,5649.0,6701.0,12727.0,27564.0
2009-1-19,1699.87,119.27,243.13,4.92,1118.0,376.0,10279.0,16591.0
2009-1-20,1738.03,133.88,243.4,4.98,0.0,282.0,13727.0,15056.0
2009-1-21,1739.43,128.04,244.11,4.99,1148.0,2159.0,9830.0,15914.0
2009-1-22,1237.36,115.6,244.01,3.59,0.0,341.0,8246.0,12017.0
2009-1-23,1910.54,126.3,242.77,5.53,2078.0,295.0,12146.0,17395.0
2009-1-24,2200.77,169.97,243.25,6.39,5096.0,4492.0,8322.0,18828.0
2009-1-25,2843.66,147.77,242.54,8.15,3971.0,5960.0,11213.0,26317.0
2009-1-26,1674.47,113.28,243.2,4.83,1121.0,348.0,9821.0,16674.0
2009-1-27,1425.03,135.64,243.94,4.17,896.0,278.0,6608.0,15964.0
2009-1-28,2721.73,116.02,243.03,7.83,2301.0,6949.0,14285.0,21862.0
2009-1-29,1573.7,104.31,243.36,4.53,0.0,294.0,8996.0,16967.0
2009-1-30,2059.04,120.09,244.29,5.92,1622.0,280.0,12147.0,20305.0
2009-1-31,3312.85,238.71,242.47,9.63,8278.0,6575.0,15309.0,25111.0
2009-2-1,1944.46,169.49,244.72,5.65,4048.0,639.0,8182.0,19545.0
2009-2-2,1603.3,106.59,244.87,4.58,1159.0,232.0,10915.0,14504.0
2009-2-3,1868.39,123.01,244.3,5.34,703.0,878.0,14984.0,14616.0
2009-2-4,2460.92,151.6,244.69,7.04,871.0,6961.0,15960.0,17286.0
2009-2-5,1649.09,122.19,243.86,4.76,1104.0,264.0,12987.0,13186.0
2009-2-6,2048.4,126.87,243.29,5.92,1165.0,273.0,11716.0,21042.0
2009-2-7,3131.54,184.64,242.05,9.08,6822.0,4483.0,17873.0,23124.0
2009-2-8,2182.87,134.02,243.35,6.33,5341.0,259.0,15174.0,15643.0
2009-2-9,1706.64,134.61,243.32,4.97,1063.0,228.0,9375.0,17786.0
2009-2-10,1943.82,115.83,243.16,5.58,1128.0,263.0,12339.0,18755.0
2009-2-11,2639.39,239.36,242.1,7.73,2985.0,10477.0,12195.0,18418.0
2009-2-12,1968.66,119.28,242.91,5.68,1109.0,299.0,17724.0,13721.0
2009-2-13,1690.02,109.19,241.69,4.89,1100.0,254.0,11554.0,15342.0
2009-2-14,2335.49,118.93,241.95,6.73,2283.0,3256.0,18545.0,14935.0
2009-2-15,1586.03,114.02,242.84,4.5,2465.0,226.0,5234.0,18546.0
2009-2-16,1318.99,111.81,242.14,3.83,0.0,261.0,7037.0,14667.0
2009-2-17,801.84,117.97,242.18,2.32,0.0,292.0,3925.0,9061.0
2009-2-18,826.45,113.06,242.23,2.36,0.0,297.0,5471.0,7941.0
2009-2-19,737.27,99.38,241.55,2.11,1046.0,262.0,1796.0,9171.0
2009-2-20,1880.74,147.04,240.19,5.54,2897.0,293.0,8768.0,19380.0
2009-2-21,1316.18,155.4,240.95,3.81,2111.0,262.0,3983.0,15605.0
2009-2-22,2238.48,175.83,241.32,6.53,3816.0,8576.0,7133.0,17711.0
2009-2-23,2733.66,129.8,241.24,7.87,1212.0,3744.0,12471.0,28181.0
2009-2-24,1783.14,123.35,240.89,5.17,0.0,1602.0,14512.0,13631.0
2009-2-25,1169.84,113.07,241.2,3.41,1092.0,274.0,7359.0,10769.0
2009-2-26,1156.85,112.6,240.73,3.36,0.0,268.0,6841.0,12233.0
2009-2-27,2028.92,202.12,240.97,5.9,1154.0,246.0,14831.0,17633.0
2009-2-28,1630.75,212.59,242.4,4.83,1145.0,5358.0,8006.0,12699.0
2009-3-1,2467.95,189.11,242.14,7.22,11178.0,2740.0,8834.0,18347.0
2009-3-2,1477.44,135.36,242.24,4.4,1560.0,310.0,6684.0,16083.0
2009-3-3,1848.95,127.9,242.9,5.35,1159.0,268.0,13024.0,16341.0
2009-3-4,1842.13,129.43,242.38,5.4,2214.0,2570.0,8393.0,17512.0
2009-3-5,1441.81,112.46,241.68,4.25,0.0,271.0,9094.0,14629.0
2009-3-6,1783.47,128.96,240.79,5.26,1144.0,265.0,12056.0,16253.0
2009-3-7,1696.47,149.87,242.47,4.94,1055.0,811.0,12113.0,14304.0
2009-3-8,2357.17,194.19,242.16,6.88,7253.0,5260.0,12691.0,14133.0
2009-3-9,1685.56,136.04,242.48,4.9,2001.0,369.0,10336.0,15419.0
2009-3-10,1836.21,114.9,241.83,5.34,0.0,281.0,11610.0,18783.0
2009-3-11,2405.9,137.24,241.82,7.03,3476.0,7288.0,10737.0,18607.0
2009-3-12,1887.26,134.77,242.0,5.46,0.0,364.0,13655.0,17515.0
2009-3-13,1445.52,138.68,242.76,4.17,1082.0,311.0,10466.0,12286.0
2009-3-14,2149.03,155.25,242.18,6.19,2196.0,280.0,18036.0,15372.0
2009-3-15,1942.06,177.75,241.77,5.7,3478.0,5152.0,8353.0,15421.0
2009-3-16,1336.03,119.41,242.41,3.85,0.0,306.0,9273.0,12804.0
2009-3-17,1931.91,234.99,241.96,5.65,1110.0,3952.0,12320.0,14852.0
2009-3-18,1450.68,121.91,242.84,4.18,1123.0,375.0,12101.0,10623.0
2009-3-19,1191.53,116.41,242.78,3.42,0.0,314.0,9458.0,10122.0
2009-3-20,1463.91,130.04,242.92,4.22,1083.0,308.0,10618.0,12436.0
2009-3-21,1930.02,197.66,242.58,5.67,5420.0,682.0,10266.0,15881.0
2009-3-22,1689.17,130.28,241.53,4.95,2017.0,3778.0,9015.0,13386.0
2009-3-23,1296.45,120.12,242.05,3.79,1078.0,310.0,5999.0,14246.0
2009-3-24,1661.71,146.84,242.48,4.89,1710.0,352.0,10149.0,15521.0
2009-3-25,1838.77,194.04,243.11,5.35,2780.0,3315.0,10287.0,14300.0
2009-3-26,1211.0,119.75,242.94,3.5,0.0,312.0,8596.0,11366.0
2009-3-27,1713.93,181.07,242.63,5.02,1103.0,526.0,9947.0,17015.0
2009-3-28,2260.98,276.7,242.14,6.6,4527.0,327.0,12225.0,20542.0
2009-3-29,2216.65,137.09,242.55,6.42,1611.0,4024.0,9502.0,21852.0
2009-3-30,1477.45,131.32,242.73,4.3,1085.0,295.0,9901.0,13379.0
2009-3-31,1823.48,137.99,242.17,5.31,2202.0,2711.0,12958.0,12586.0
2009-4-1,1641.14,143.05,242.91,4.81,2807.0,2364.0,7309.0,14906.0
2009-4-2,1644.33,124.76,242.24,4.76,1128.0,324.0,13500.0,12487.0
2009-4-3,1363.26,132.6,241.81,3.98,0.0,326.0,8556.0,13851.0
2009-4-4,2191.23,199.73,241.45,6.4,2699.0,4172.0,16251.0,13459.0
2009-4-5,1375.72,183.01,242.31,4.11,3832.0,357.0,6503.0,12266.0
2009-4-6,1452.63,131.54,242.3,4.23,799.0,333.0,10141.0,13008.0
2009-4-7,1440.09,152.73,241.99,4.23,1103.0,338.0,9121.0,13478.0
2009-4-8,1534.6,161.35,242.26,4.53,2131.0,2827.0,7968.0,12670.0
2009-4-9,1890.47,176.94,242.3,5.46,2682.0,366.0,13482.0,14959.0
2009-4-10,1842.11,165.79,242.03,5.33,2057.0,2822.0,13828.0,11979.0
2009-4-11,2462.45,253.67,240.97,7.18,3661.0,4286.0,18233.0,14851.0
2009-4-12,2141.01,281.67,240.4,6.33,7498.0,1504.0,12470.0,14187.0
2009-4-13,1602.72,200.26,241.13,4.74,1015.0,5651.0,6246.0,13809.0
2009-4-14,1501.54,188.58,241.49,4.44,888.0,2341.0,9478.0,12333.0
2009-4-15,1216.06,190.89,241.32,3.61,1880.0,463.0,5278.0,12628.0
2009-4-16,1564.52,179.02,240.48,4.62,2896.0,397.0,9809.0,12933.0
2009-4-17,2042.81,171.2,241.33,5.97,0.0,5224.0,7655.0,21194.0
2009-4-18,1512.27,146.96,241.05,4.43,1028.0,2613.0,10699.0,10935.0
2009-4-19,1286.47,153.6,242.66,3.75,2201.0,376.0,8088.0,10779.0
2009-4-20,1486.51,169.5,241.9,4.33,0.0,2644.0,10476.0,11626.0
2009-4-21,1894.6,182.73,240.65,5.54,1925.0,375.0,7380.0,21952.0
2009-4-22,1496.2,203.91,241.27,4.37,1024.0,1203.0,13265.0,9435.0
2009-4-23,1141.46,175.45,241.49,3.4,1068.0,395.0,5511.0,12039.0
2009-4-24,1194.05,180.82,241.79,3.53,0.0,383.0,9677.0,9848.0
2009-4-25,2022.28,235.59,240.51,5.94,2007.0,3901.0,13225.0,14609.0
2009-4-26,1781.63,229.62,241.86,5.24,3053.0,3017.0,10561.0,13094.0
2009-4-27,1351.63,160.41,241.0,4.0,995.0,376.0,7021.0,14122.0
2009-4-28,1706.39,160.37,241.99,5.06,2068.0,371.0,11469.0,14522.0
2009-4-29,1664.68,141.62,242.19,4.86,1043.0,2492.0,9372.0,14826.0
2009-4-30,1834.76,138.06,241.9,5.32,1027.0,363.0,15305.0,13873.0
2009-5-1,1512.8,190.46,241.27,4.42,1067.0,1052.0,11709.0,11378.0
2009-5-2,1393.91,179.62,241.88,4.08,1430.0,374.0,9760.0,11662.0
2009-5-3,1608.88,179.7,242.07,4.76,3207.0,2593.0,7226.0,13771.0
2009-5-4,1667.88,146.06,241.44,4.84,1007.0,411.0,11374.0,15037.0
2009-5-5,1731.47,141.91,240.82,5.06,1049.0,5539.0,10166.0,12137.0
2009-5-6,1349.9,146.38,240.9,3.97,1038.0,1797.0,9058.0,10633.0
2009-5-7,1012.65,135.01,241.17,2.97,0.0,374.0,7992.0,8506.0
2009-5-8,1857.16,154.88,240.82,5.42,2226.0,848.0,15426.0,12434.0
2009-5-9,1261.35,182.98,241.57,3.76,2090.0,382.0,6605.0,11931.0
2009-5-10,1967.25,205.23,241.07,5.84,4300.0,6671.0,8693.0,13138.0
2009-5-11,1517.18,158.44,240.25,4.43,1035.0,457.0,11009.0,12789.0
2009-5-12,1625.96,150.02,240.38,4.77,0.0,2713.0,11335.0,13002.0
2009-5-13,1246.4,171.57,240.64,3.71,1419.0,553.0,7127.0,11680.0
2009-5-14,1606.98,151.91,240.06,4.81,0.0,4065.0,11499.0,11269.0
2009-5-15,1422.23,140.55,240.96,4.18,1382.0,494.0,12195.0,9647.0
2009-5-16,2007.38,186.5,239.99,5.89,1705.0,4820.0,12265.0,14647.0
2009-5-17,1543.76,226.46,240.3,4.61,2555.0,1926.0,7168.0,14131.0
2009-5-18,1209.91,154.56,240.96,3.52,763.0,374.0,8971.0,10095.0
2009-5-19,1617.34,188.88,240.99,4.7,3253.0,792.0,10981.0,11941.0
2009-5-20,1307.16,182.38,241.32,3.84,1061.0,1889.0,9470.0,9405.0
2009-5-21,1575.15,212.4,241.02,4.61,1553.0,1278.0,12563.0,10900.0
2009-5-22,1074.81,237.24,241.97,3.2,982.0,1207.0,8078.0,7640.0
2009-5-23,1530.6,193.25,240.57,4.49,480.0,1844.0,12579.0,10653.0
2009-5-24,1287.79,177.2,242.02,3.77,45.0,446.0,10256.0,10756.0
2009-5-25,1354.1,183.16,238.43,4.0,920.0,966.0,9930.0,10768.0
2009-5-26,1338.64,126.46,231.8,4.04,1191.0,860.0,10102.0,10199.0
2009-5-27,1544.29,124.9,231.14,4.67,1052.0,2355.0,11076.0,11275.0
2009-5-28,1179.74,128.79,233.7,3.51,1502.0,421.0,9049.0,8728.0
2009-5-29,1242.85,147.15,241.56,3.63,1005.0,434.0,10112.0,9223.0
2009-5-30,1659.11,233.69,241.16,4.9,2787.0,1707.0,11557.0,11653.0
2009-5-31,956.89,200.62,241.46,2.89,1466.0,458.0,5720.0,8290.0
2009-6-1,1443.26,229.88,241.33,4.31,2789.0,461.0,11361.0,9448.0
2009-6-2,1090.64,223.7,241.63,3.37,0.0,506.0,7892.0,9851.0
2009-6-3,1356.58,200.93,240.41,4.08,940.0,1370.0,11577.0,8779.0
2009-6-4,1035.66,164.66,240.01,3.08,1906.0,455.0,6905.0,8021.0
2009-6-5,1230.36,156.95,239.86,3.65,0.0,456.0,12515.0,7501.0
2009-6-6,1475.45,233.5,240.58,4.41,1769.0,2732.0,10611.0,9496.0
2009-6-7,1207.39,218.93,241.02,3.63,2077.0,1641.0,6034.0,10424.0
2009-6-8,1178.78,129.36,240.06,3.54,1024.0,432.0,8551.0,9632.0
2009-6-9,1332.85,154.4,240.92,3.96,1000.0,414.0,10695.0,10192.0
2009-6-10,1603.0,159.21,240.72,4.73,1032.0,4745.0,9889.0,11073.0
2009-6-11,1300.65,159.93,241.18,3.85,0.0,472.0,10610.0,10627.0
2009-6-12,1101.73,152.7,240.94,3.27,1009.0,460.0,7137.0,9769.0
2009-6-13,1101.87,154.29,240.95,3.27,1009.0,465.0,7143.0,9767.0
2009-6-14,1101.87,154.29,240.95,3.27,1009.0,465.0,7143.0,9767.0
2009-6-15,1089.94,202.02,241.02,3.26,916.0,509.0,7737.0,9027.0
2009-6-16,1508.79,212.19,240.83,4.48,2983.0,1221.0,13691.0,7278.0
2009-6-17,988.02,192.86,241.3,2.96,975.0,611.0,7193.0,7679.0
2009-6-18,1165.7,165.95,241.3,3.41,0.0,461.0,11223.0,7730.0
2009-6-19,1086.87,164.26,241.32,3.21,969.0,475.0,7737.0,8898.0
2009-6-20,1107.1,179.06,241.48,3.25,0.0,2657.0,9159.0,6628.0
2009-6-21,855.14,161.53,241.29,2.53,1039.0,412.0,6002.0,6810.0
2009-6-22,1094.1,162.12,241.2,3.22,0.0,449.0,11148.0,6608.0
2009-6-23,1039.21,163.87,241.21,3.08,1010.0,1261.0,8186.0,6841.0
2009-6-24,1534.87,194.32,240.54,4.52,3059.0,1239.0,14275.0,7022.0
2009-6-25,771.36,183.97,241.18,2.31,0.0,495.0,6224.0,6098.0
2009-6-26,1277.32,238.87,240.54,3.84,1826.0,538.0,9952.0,8984.0
2009-6-27,1709.05,271.62,241.81,5.03,2663.0,2432.0,13468.0,9955.0
2009-6-28,1059.39,277.82,241.84,3.21,0.0,1421.0,6742.0,9537.0
2009-6-29,1010.13,236.03,241.89,3.03,1794.0,598.0,6462.0,8044.0
2009-6-30,1192.45,283.15,241.94,3.64,582.0,1034.0,8989.0,9261.0
2009-7-1,1218.34,265.74,241.81,3.65,989.0,590.0,9747.0,8948.0
2009-7-2,1242.58,276.32,241.97,3.71,637.0,603.0,8032.0,11424.0
2009-7-3,864.15,246.0,241.92,2.64,856.0,642.0,7371.0,5503.0
2009-7-4,1238.57,373.9,241.15,3.84,2084.0,2329.0,6791.0,9410.0
2009-7-5,1410.74,383.15,241.44,4.31,3215.0,1438.0,8014.0,10881.0
2009-7-6,954.26,270.97,241.76,2.9,429.0,755.0,7142.0,7534.0
2009-7-7,1110.14,256.64,241.64,3.4,1292.0,3619.0,5704.0,7940.0
2009-7-8,1234.4,221.2,241.6,3.69,0.0,3514.0,9308.0,7758.0
2009-7-9,846.25,194.65,242.59,2.61,0.0,656.0,4783.0,8666.0
2009-7-10,1193.8,218.11,242.25,3.53,988.0,2624.0,7494.0,8777.0
2009-7-11,993.97,249.47,242.21,3.02,981.0,683.0,7756.0,7154.0
2009-7-12,513.48,191.48,242.3,1.6,0.0,589.0,4060.0,3826.0
2009-7-13,496.75,196.53,242.55,1.56,0.0,594.0,3881.0,3718.0
2009-7-14,911.43,266.57,242.21,2.82,2303.0,618.0,6155.0,6126.0
2009-7-15,718.07,189.69,241.93,2.17,878.0,932.0,5820.0,4422.0
2009-7-16,599.55,259.33,242.12,1.88,0.0,1724.0,3902.0,4454.0
2009-7-17,731.81,179.13,241.59,2.2,0.0,626.0,6670.0,4878.0
2009-7-18,966.41,218.34,242.01,2.88,0.0,663.0,5389.0,10058.0
2009-7-19,1203.64,259.25,242.05,3.53,0.0,598.0,5058.0,14340.0
2009-7-20,662.49,217.86,241.84,2.05,914.0,784.0,4948.0,4398.0
2009-7-21,813.76,266.7,242.52,2.5,0.0,981.0,7795.0,4837.0
2009-7-22,739.53,238.48,242.08,2.26,0.0,681.0,3965.0,7709.0
2009-7-23,1030.0,218.91,241.94,3.05,926.0,622.0,9064.0,6506.0
2009-7-24,561.74,208.54,241.75,1.76,0.0,630.0,4128.0,4598.0
2009-7-25,536.69,195.46,242.1,1.68,0.0,577.0,3716.0,4647.0
2009-7-26,543.02,239.8,242.66,1.72,0.0,1019.0,3799.0,4199.0
2009-7-27,688.57,321.95,242.53,2.18,0.0,2062.0,5202.0,4311.0
2009-7-28,902.85,252.77,242.22,2.77,0.0,4899.0,4353.0,5838.0
2009-7-29,902.0,185.47,241.5,2.71,869.0,749.0,7549.0,5905.0
2009-7-30,792.33,198.21,242.44,2.41,0.0,2304.0,4040.0,6918.0
2009-7-31,975.83,228.25,241.87,3.0,865.0,3423.0,6302.0,5669.0
2009-8-1,706.97,242.66,241.5,2.21,0.0,844.0,6248.0,4647.0
2009-8-2,489.72,205.49,240.94,1.57,0.0,637.0,3539.0,3886.0
2009-8-3,500.3,197.3,241.92,1.57,0.0,605.0,3811.0,3924.0
2009-8-4,508.89,196.38,242.28,1.61,0.0,607.0,3871.0,3914.0
2009-8-5,518.65,207.89,242.31,1.64,0.0,620.0,4042.0,3915.0
2009-8-6,532.67,214.79,241.23,1.68,0.0,659.0,4193.0,3961.0
2009-8-7,539.3,221.29,241.36,1.7,0.0,668.0,4232.0,4065.0
2009-8-8,526.47,214.07,241.73,1.66,0.0,646.0,4093.0,4007.0
2009-8-9,998.23,284.33,242.05,3.06,1984.0,2380.0,5154.0,7102.0
2009-8-10,1069.36,298.25,241.03,3.28,0.0,3719.0,6012.0,8152.0
2009-8-11,950.95,307.45,241.84,2.95,857.0,1467.0,6577.0,6996.0
2009-8-12,824.44,272.55,241.81,2.55,912.0,689.0,4991.0,7234.0
2009-8-13,1015.51,267.76,241.42,3.11,1215.0,4092.0,4541.0,7147.0
2009-8-14,748.68,241.33,241.18,2.28,429.0,850.0,4647.0,6583.0
2009-8-15,1514.06,384.76,240.9,4.61,3437.0,1852.0,8922.0,11068.0
2009-8-16,1217.71,409.05,240.52,3.79,1604.0,1094.0,5691.0,11924.0
2009-8-17,785.91,251.46,241.22,2.42,1.0,813.0,6261.0,6001.0
2009-8-18,1080.6,246.72,240.83,3.26,2306.0,1440.0,6324.0,7964.0
2009-8-19,880.74,262.99,241.54,2.73,896.0,812.0,6044.0,6936.0
2009-8-20,775.72,260.89,241.09,2.42,0.0,883.0,6138.0,5910.0
2009-8-21,1161.75,262.36,240.61,3.5,3043.0,887.0,7527.0,7946.0
2009-8-22,1548.74,417.83,241.12,4.76,4544.0,3203.0,8549.0,9492.0
2009-8-23,1066.71,371.83,241.56,3.33,949.0,819.0,6994.0,8975.0
2009-8-24,1252.25,285.1,241.07,3.77,2279.0,737.0,8247.0,9642.0
2009-8-25,943.61,276.83,241.51,2.89,1140.0,755.0,6291.0,7579.0
2009-8-26,1136.55,269.21,241.78,3.43,2131.0,1516.0,7860.0,7496.0
2009-8-27,749.47,251.21,241.64,2.32,0.0,664.0,4283.0,7589.0
2009-8-28,1118.84,246.89,240.87,3.37,1778.0,1125.0,7485.0,8292.0
2009-8-29,1388.41,315.52,240.98,4.18,905.0,1483.0,11707.0,9049.0
2009-8-30,1668.34,294.08,241.08,4.98,2653.0,1363.0,10648.0,13140.0
2009-8-31,1265.52,219.32,238.74,3.82,960.0,678.0,9974.0,9497.0
2009-9-1,980.54,217.07,241.22,2.99,0.0,697.0,6073.0,9577.0
2009-9-2,1222.81,207.86,241.82,3.64,947.0,659.0,9921.0,8870.0
2009-9-3,1251.19,213.44,241.33,3.76,3319.0,3099.0,5011.0,9425.0
2009-9-4,1024.39,181.06,242.01,3.06,0.0,636.0,8095.0,8335.0
2009-9-5,1513.87,270.07,240.86,4.53,2988.0,2248.0,10433.0,9577.0
2009-9-6,1228.63,220.53,241.86,3.67,995.0,588.0,9031.0,9876.0
2009-9-7,1221.46,201.49,241.71,3.64,2196.0,577.0,8299.0,9258.0
2009-9-8,1086.25,200.2,241.35,3.22,1002.0,577.0,8533.0,7940.0
2009-9-9,1521.34,223.57,241.31,4.49,964.0,3832.0,10671.0,9909.0
2009-9-10,1112.35,202.39,241.23,3.31,928.0,600.0,6508.0,10466.0
2009-9-11,1214.15,183.38,241.15,3.57,0.0,631.0,11693.0,7895.0
2009-9-12,2064.36,325.2,240.71,6.14,9583.0,1202.0,12601.0,11052.0
2009-9-13,1572.01,271.44,240.25,4.69,4146.0,612.0,10189.0,11257.0
2009-9-14,1574.86,239.67,241.48,4.66,2843.0,603.0,9091.0,13722.0
2009-9-15,1456.81,184.28,240.99,4.29,1769.0,560.0,8644.0,13310.0
2009-9-16,1743.16,197.75,240.23,5.15,1035.0,3470.0,13384.0,11163.0
2009-9-17,1223.43,167.28,241.36,3.61,0.0,563.0,9710.0,10143.0
2009-9-18,1374.03,169.21,241.1,4.04,1993.0,652.0,9151.0,11138.0
2009-9-19,2135.71,263.49,240.35,6.26,1607.0,4050.0,14845.0,15131.0
2009-9-20,2035.33,295.69,241.3,6.02,4532.0,2466.0,11935.0,14992.0
2009-9-21,1417.87,214.17,241.25,4.2,921.0,604.0,10844.0,11277.0
2009-9-22,1246.54,207.26,241.18,3.7,937.0,597.0,8502.0,10768.0
2009-9-23,1636.61,235.96,240.75,4.82,2085.0,978.0,12884.0,11341.0
2009-9-24,1426.26,224.08,240.39,4.23,1051.0,621.0,10374.0,11706.0
2009-9-25,1161.02,207.9,241.42,3.48,0.0,594.0,9694.0,9054.0
2009-9-26,1556.25,288.04,241.18,4.59,1943.0,571.0,14581.0,8854.0
2009-9-27,1410.47,230.48,241.22,4.2,1817.0,4571.0,8554.0,8558.0
2009-9-28,1299.46,193.2,241.73,3.8,0.0,603.0,10797.0,10280.0
2009-9-29,1146.4,199.88,240.9,3.39,1031.0,603.0,7322.0,10154.0
2009-9-30,1777.57,212.37,240.75,5.24,970.0,8080.0,9232.0,11341.0
2009-10-1,1287.25,185.42,241.53,3.79,950.0,602.0,9433.0,10446.0
2009-10-2,1152.67,183.16,240.76,3.39,0.0,570.0,10142.0,8515.0
2009-10-3,1716.74,255.4,240.64,5.05,3644.0,920.0,14480.0,9601.0
2009-10-4,1621.11,225.21,240.7,4.82,3189.0,3499.0,8980.0,11371.0
2009-10-5,1275.52,161.54,241.22,3.7,984.0,542.0,7983.0,11814.0
2009-10-6,1428.45,179.28,241.18,4.17,1.0,543.0,8806.0,14470.0
2009-10-7,1821.83,207.42,241.21,5.34,734.0,4334.0,9908.0,15407.0
2009-10-8,1577.17,186.61,241.07,4.58,2091.0,619.0,11568.0,12039.0
2009-10-9,1351.86,188.42,240.81,3.95,0.0,559.0,10718.0,11311.0
2009-10-10,2012.76,255.62,239.76,5.93,4510.0,570.0,14811.0,13734.0
2009-10-11,1939.72,268.81,240.65,5.75,4111.0,6454.0,8666.0,13130.0
2009-10-12,1351.6,157.71,240.22,3.97,997.0,515.0,9420.0,11625.0
2009-10-13,1449.1,165.39,240.25,4.25,983.0,530.0,9530.0,13168.0
2009-10-14,1711.22,175.09,239.76,5.0,2001.0,3131.0,10013.0,13434.0
2009-10-15,1489.98,139.63,241.12,4.32,1629.0,463.0,9641.0,13157.0
2009-10-16,1516.86,145.38,240.25,4.42,0.0,482.0,11136.0,13706.0
2009-10-17,2742.08,261.15,238.89,8.05,5490.0,4364.0,18326.0,17549.0
2009-10-18,1556.16,142.64,240.75,4.5,712.0,499.0,11144.0,13601.0
2009-10-19,1369.11,134.36,242.26,3.95,1104.0,457.0,8227.0,13079.0
2009-10-20,1722.81,151.56,242.53,4.98,760.0,450.0,11005.0,16524.0
2009-10-21,1969.51,192.17,242.31,5.71,2031.0,5916.0,8569.0,16340.0
2009-10-22,1399.71,155.85,242.41,4.04,0.0,492.0,11074.0,11801.0
2009-10-23,1757.45,196.7,241.1,5.14,3180.0,495.0,11696.0,13928.0
2009-10-24,2614.41,218.46,239.89,7.66,6202.0,518.0,15941.0,20936.0
2009-10-25,2406.54,243.18,239.93,7.07,3010.0,6181.0,13691.0,17284.0
2009-10-26,1112.34,160.22,241.53,3.24,475.0,468.0,5788.0,11832.0
2009-10-27,1116.76,173.8,241.24,3.27,579.0,449.0,8367.0,9271.0
2009-10-28,1268.71,164.97,241.41,3.69,1044.0,463.0,9318.0,10360.0
2009-10-29,1981.44,251.84,240.35,5.85,765.0,4125.0,5677.0,22494.0
2009-10-30,1493.36,168.53,241.48,4.35,1779.0,2005.0,8828.0,12296.0
2009-10-31,1875.94,171.06,240.52,5.45,1773.0,2514.0,14637.0,12401.0
2009-11-1,1843.17,221.9,240.92,5.39,1970.0,470.0,12215.0,16085.0
2009-11-2,1504.23,170.08,241.28,4.4,1881.0,471.0,7490.0,15280.0
2009-11-3,2266.69,241.76,241.14,6.63,2009.0,3951.0,9025.0,22843.0
2009-11-4,1801.8,172.43,242.08,5.23,1075.0,4008.0,12246.0,12699.0
2009-11-5,1560.47,159.06,241.67,4.54,1105.0,532.0,9868.0,14470.0
2009-11-6,1390.45,169.35,242.57,4.03,0.0,442.0,11326.0,11455.0
2009-11-7,1557.18,197.68,241.88,4.51,2187.0,408.0,10014.0,13378.0
2009-11-8,2508.0,226.69,243.25,7.24,4941.0,2075.0,14871.0,19941.0
2009-11-9,1409.27,177.87,243.58,4.1,1125.0,467.0,7640.0,14271.0
2009-11-10,1606.18,167.3,242.5,4.65,1118.0,432.0,11788.0,13454.0
2009-11-11,2040.48,223.07,242.37,5.97,2338.0,5105.0,11214.0,15330.0
2009-11-12,1463.07,153.2,242.21,4.25,1486.0,429.0,9403.0,13112.0
2009-11-13,1532.93,156.93,241.24,4.46,1856.0,407.0,9178.0,14170.0
2009-11-14,2560.46,245.85,240.22,7.45,4169.0,2411.0,18868.0,17234.0
2009-11-15,1967.31,211.15,240.33,5.78,991.0,5278.0,9446.0,17110.0
2009-11-16,1514.47,157.19,241.88,4.4,2021.0,545.0,9354.0,13364.0
2009-11-17,1708.29,167.63,242.66,4.91,0.0,453.0,11616.0,16456.0
2009-11-18,2639.17,203.88,241.3,7.69,6012.0,7655.0,13787.0,16579.0
2009-11-19,1474.85,149.05,242.98,4.25,0.0,481.0,10936.0,13200.0
2009-11-20,1961.02,146.03,241.58,5.69,843.0,407.0,12816.0,18660.0
2009-11-21,2496.86,211.3,240.62,7.28,5694.0,1997.0,12553.0,21405.0
2009-11-22,2450.98,222.64,241.08,7.19,6774.0,411.0,16097.0,17604.0
2009-11-23,1471.12,148.34,242.74,4.24,0.0,402.0,8230.0,15938.0
2009-11-24,2128.86,153.82,241.98,6.18,2491.0,4579.0,9086.0,19382.0
2009-11-25,1980.13,175.48,241.18,5.77,745.0,5083.0,10596.0,16588.0
2009-11-26,1599.63,141.54,242.64,4.61,2262.0,407.0,10069.0,13909.0
2009-11-27,1380.03,133.05,241.86,3.96,0.0,396.0,11599.0,11039.0
2009-11-28,1858.95,225.22,241.6,5.41,3199.0,386.0,14350.0,13083.0
2009-11-29,1650.96,191.06,243.31,4.78,1073.0,3061.0,7828.0,15627.0
2009-11-30,1745.19,153.38,243.76,5.02,1080.0,361.0,12039.0,15661.0
2009-12-1,1756.38,141.87,242.63,5.08,0.0,354.0,10821.0,18130.0
2009-12-2,2345.67,170.23,241.67,6.82,1143.0,7052.0,12851.0,18077.0
2009-12-3,1479.69,145.22,243.28,4.29,1039.0,402.0,9906.0,13359.0
2009-12-4,1711.29,183.22,243.39,4.99,1158.0,352.0,9134.0,17895.0
2009-12-5,2351.76,274.11,241.3,6.92,3822.0,351.0,13324.0,21672.0
2009-12-6,2378.29,291.89,241.27,6.98,2850.0,4175.0,12420.0,20238.0
2009-12-7,1742.64,165.09,242.54,5.07,1132.0,358.0,10291.0,17233.0
2009-12-8,2006.88,179.19,243.73,5.79,1108.0,350.0,15376.0,16609.0
2009-12-9,1802.36,187.59,242.41,5.25,2054.0,3355.0,7971.0,16651.0
2009-12-10,2057.26,223.41,241.78,5.97,2825.0,349.0,15436.0,15682.0
2009-12-11,1784.46,219.62,244.29,5.13,1546.0,385.0,11251.0,16568.0
2009-12-12,1816.38,248.73,244.94,5.26,1087.0,4120.0,8198.0,16911.0
2009-12-13,2138.81,222.19,244.5,6.16,3984.0,417.0,13178.0,18054.0
2009-12-14,1794.86,151.98,246.15,5.12,1090.0,2280.0,10742.0,15764.0
2009-12-15,1940.12,162.34,246.04,5.51,1111.0,392.0,14084.0,16789.0
2009-12-16,1394.87,154.43,247.22,3.99,1143.0,2943.0,8104.0,11024.0
2009-12-17,1717.18,148.97,246.89,4.84,0.0,308.0,14395.0,13883.0
2009-12-18,1744.71,160.42,246.59,4.97,1195.0,304.0,11466.0,16131.0
2009-12-19,2204.33,137.61,245.93,6.24,1165.0,2662.0,13681.0,19254.0
2009-12-20,1144.17,122.1,247.44,3.24,1237.0,313.0,7795.0,9758.0
2009-12-21,2034.97,171.95,246.41,5.78,3293.0,282.0,11473.0,18897.0
2009-12-22,1888.02,153.36,245.74,5.37,0.0,285.0,15829.0,15395.0
2009-12-23,1455.2,135.42,246.88,4.12,1143.0,284.0,11205.0,11620.0
2009-12-24,2905.89,203.66,245.84,8.29,5184.0,5575.0,15198.0,22476.0
2009-12-25,2127.65,192.38,243.59,6.13,3371.0,3895.0,14288.0,13907.0
2009-12-26,2183.62,160.88,242.47,6.31,1186.0,4294.0,16047.0,14861.0
2009-12-27,2195.45,207.16,242.67,6.36,4218.0,318.0,12450.0,19601.0
2009-12-28,2094.1,181.67,243.78,6.03,2175.0,2063.0,14934.0,15784.0
2009-12-29,2047.97,242.05,243.18,5.91,1260.0,346.0,10205.0,22362.0
2009-12-30,2451.11,266.79,241.05,7.17,5284.0,4539.0,12484.0,18521.0
2009-12-31,2211.89,186.61,240.96,6.4,0.0,387.0,19409.0,17102.0
2010-1-1,1224.25,165.34,242.57,3.54,2304.0,327.0,3558.0,14192.0
2010-1-2,1309.27,199.55,244.68,3.81,801.0,298.0,6425.0,14251.0
2010-1-3,2083.45,191.61,243.74,6.04,3842.0,4920.0,10074.0,15932.0
2010-1-4,1604.13,156.4,245.7,4.6,0.0,292.0,10812.0,15597.0
2010-1-5,2219.78,148.94,244.52,6.35,1785.0,293.0,16468.0,18455.0
2010-1-6,1777.18,152.08,245.23,5.11,1731.0,3256.0,11359.0,13282.0
2010-1-7,1769.44,115.02,244.91,5.07,1198.0,255.0,12936.0,15143.0
2010-1-8,1797.21,159.78,244.4,5.15,0.0,994.0,12531.0,16404.0
2010-1-9,2336.9,199.4,243.87,6.73,2781.0,4855.0,14734.0,16598.0
2010-1-10,2508.47,227.17,243.84,7.23,3564.0,2032.0,14108.0,22058.0
2010-1-11,1518.68,156.21,246.07,4.34,1251.0,340.0,10279.0,13391.0
2010-1-12,1995.8,202.54,244.95,5.74,1803.0,3643.0,12509.0,15281.0
2010-1-13,1995.8,202.54,244.95,5.74,1803.0,3643.0,12509.0,15281.0
2010-1-14,2116.22,239.6,244.84,6.11,2442.0,3727.0,12490.0,16593.0
2010-1-15,2196.76,218.29,243.73,6.34,1957.0,2952.0,13546.0,18175.0
2010-1-16,2150.11,242.52,243.05,6.22,2605.0,2415.0,13652.0,17182.0
2010-1-17,1906.56,188.99,242.54,5.52,1992.0,298.0,15044.0,14445.0
2010-1-18,1881.1,191.77,243.64,5.42,617.0,295.0,12981.0,17454.0
2010-1-19,2433.51,161.75,243.02,7.0,2044.0,653.0,19311.0,18519.0
2010-1-20,2351.73,199.86,242.76,6.81,2317.0,3341.0,14563.0,18988.0
2010-1-21,2137.86,185.42,242.95,6.16,894.0,449.0,16451.0,17890.0
2010-1-22,1790.63,156.86,241.85,5.18,699.0,352.0,14512.0,14240.0
2010-1-23,2610.33,260.43,240.83,7.67,3154.0,4086.0,16039.0,20235.0
2010-1-24,2269.42,175.24,241.75,6.61,3496.0,2760.0,11046.0,20544.0
2010-1-25,1930.51,147.67,242.9,5.55,1368.0,455.0,16136.0,14219.0
2010-1-26,2067.56,130.93,243.34,5.9,526.0,395.0,16243.0,17316.0
2010-1-27,2760.9,148.76,241.99,7.99,2044.0,6403.0,18154.0,19465.0
2010-1-28,2110.23,158.52,243.25,6.06,2032.0,504.0,14987.0,17715.0
2010-1-29,2092.99,147.67,243.63,5.98,1488.0,851.0,18061.0,14529.0
2010-1-30,2842.73,236.0,242.08,8.31,3240.0,7544.0,17891.0,18709.0
2010-1-31,1799.2,171.52,243.4,5.2,1715.0,1380.0,12569.0,14357.0
2010-2-1,1693.78,124.78,243.63,4.86,1111.0,367.0,14623.0,12172.0
2010-2-2,2157.43,131.17,243.33,6.15,0.0,382.0,21536.0,14044.0
2010-2-3,2903.01,183.69,242.39,8.37,2234.0,8423.0,21130.0,16566.0
2010-2-4,2316.27,141.85,242.1,6.64,1074.0,532.0,23743.0,13257.0
2010-2-5,2098.89,142.98,241.94,6.08,902.0,474.0,18008.0,15626.0
2010-2-6,2712.99,296.61,241.09,7.93,4324.0,2209.0,17857.0,20843.0
2010-2-7,1625.71,162.47,242.68,4.73,2736.0,3837.0,5546.0,14955.0
2010-2-8,2582.24,139.75,242.0,7.41,1161.0,431.0,19764.0,21674.0
2010-2-9,2420.93,139.71,243.15,6.92,1214.0,410.0,19769.0,18971.0
2010-2-10,1946.88,141.62,242.45,5.61,1219.0,2976.0,12232.0,16072.0
2010-2-11,1369.77,124.15,244.51,3.91,0.0,330.0,9916.0,12567.0
2010-2-12,1893.0,132.28,243.63,5.41,1241.0,312.0,15211.0,14797.0
2010-2-13,2351.56,144.79,242.89,6.74,1838.0,5292.0,18710.0,13331.0
2010-2-14,1688.29,124.66,243.14,4.83,1223.0,320.0,13208.0,13340.0
2010-2-15,2097.13,131.27,243.45,6.04,3468.0,332.0,16065.0,15060.0
2010-2-16,1797.76,119.61,243.75,5.15,1945.0,317.0,12820.0,14947.0
2010-2-17,2054.56,119.56,242.35,5.94,2294.0,6636.0,10101.0,15274.0
2010-2-18,1761.16,140.0,243.59,5.04,965.0,385.0,14884.0,13101.0
2010-2-19,1953.57,135.15,241.71,5.65,2124.0,397.0,14543.0,15477.0
2010-2-20,1983.73,151.25,241.79,5.75,3748.0,382.0,14470.0,14433.0
2010-2-21,2740.31,167.46,240.63,8.04,5905.0,8142.0,17083.0,14639.0
2010-2-22,1474.04,160.62,240.58,4.31,1393.0,2167.0,10159.0,10807.0
2010-2-23,1461.28,168.06,241.98,4.25,0.0,3001.0,8806.0,12509.0
2010-2-24,1914.28,150.13,241.47,5.52,2260.0,1682.0,14315.0,13671.0
2010-2-25,1880.2,130.88,240.98,5.41,0.0,474.0,15120.0,15737.0
2010-2-26,2120.16,139.31,240.43,6.14,1146.0,2454.0,14821.0,16898.0
2010-2-27,1765.06,152.39,241.54,5.15,3743.0,441.0,14358.0,10865.0
2010-2-28,711.67,134.07,242.57,2.06,0.0,487.0,2952.0,8387.0
2010-3-1,1298.73,130.08,241.82,3.76,1785.0,471.0,7115.0,12258.0
2010-3-2,766.91,136.4,241.75,2.23,0.0,424.0,3605.0,8665.0
2010-3-3,935.83,120.93,241.21,2.73,0.0,425.0,7221.0,7945.0
2010-3-4,682.88,125.95,242.99,2.01,0.0,436.0,2928.0,8051.0
2010-3-5,1133.73,135.42,243.49,3.27,1108.0,351.0,5918.0,11457.0
2010-3-6,794.71,139.56,243.03,2.31,0.0,419.0,3970.0,8770.0
2010-3-7,1372.47,133.95,243.55,3.97,0.0,4674.0,3679.0,14482.0
2010-3-8,2557.1,252.34,243.77,7.42,4214.0,7645.0,15971.0,14805.0
2010-3-9,1760.11,168.08,243.53,5.08,846.0,397.0,10893.0,17213.0
2010-3-10,1822.63,130.3,243.57,5.2,1167.0,375.0,14916.0,13980.0
2010-3-11,1951.09,152.39,242.68,5.64,2071.0,320.0,15706.0,14404.0
2010-3-12,1645.42,148.71,243.01,4.72,1691.0,411.0,14076.0,11240.0
2010-3-13,2383.01,265.36,242.0,6.91,2848.0,5534.0,17973.0,13389.0
2010-3-14,1566.71,200.63,241.99,4.59,3464.0,918.0,7101.0,14623.0
2010-3-15,1791.85,164.31,242.3,5.18,778.0,436.0,15053.0,13614.0
2010-3-16,1542.65,167.74,241.54,4.46,0.0,457.0,10083.0,15204.0
2010-3-17,2009.13,185.75,241.64,5.83,1136.0,5851.0,13105.0,13461.0
2010-3-18,1562.68,166.21,241.5,4.55,1147.0,570.0,10845.0,13515.0
2010-3-19,1663.38,189.48,241.42,4.81,0.0,596.0,12591.0,14580.0
2010-3-20,1670.58,181.87,241.29,4.83,0.0,507.0,13275.0,14116.0
2010-3-21,1781.15,182.05,240.93,5.19,1670.0,3066.0,12652.0,12358.0
2010-3-22,1618.59,171.56,241.36,4.69,1142.0,557.0,13859.0,11420.0
2010-3-23,1822.16,186.63,241.17,5.37,2892.0,1153.0,13107.0,13233.0
2010-3-24,1994.75,209.56,240.72,5.8,1075.0,5832.0,12817.0,13522.0
2010-3-25,1679.88,186.76,242.27,4.84,0.0,611.0,13797.0,13642.0
2010-3-26,1651.28,205.88,241.5,4.8,1078.0,682.0,12547.0,13206.0
2010-3-27,1847.97,195.09,240.41,5.39,1067.0,3080.0,12483.0,14214.0
2010-3-28,1798.21,260.43,241.37,5.32,1083.0,7895.0,7118.0,13909.0
2010-3-29,1622.74,207.08,241.52,4.73,0.0,636.0,15420.0,11035.0
2010-3-30,1906.45,280.72,241.08,5.64,1760.0,571.0,13765.0,15727.0
2010-3-31,1923.8,201.58,240.19,5.66,1067.0,6313.0,12041.0,12667.0
2010-4-1,1687.44,144.46,241.75,4.88,1780.0,517.0,14393.0,11475.0
2010-4-2,1648.62,152.91,242.77,4.73,0.0,483.0,13074.0,13944.0
2010-4-3,1805.28,206.65,243.25,5.17,1778.0,648.0,17694.0,10019.0
2010-4-4,1690.39,238.98,241.75,4.93,1097.0,831.0,12687.0,13628.0
2010-4-5,1118.82,165.42,243.66,3.27,1755.0,1436.0,5503.0,10000.0
2010-4-6,1825.85,170.61,242.74,5.26,1154.0,613.0,12476.0,16211.0
2010-4-7,1596.98,184.53,241.83,4.65,1077.0,3440.0,11362.0,10755.0
2010-4-8,1649.22,165.14,241.99,4.76,145.0,669.0,13322.0,13345.0
2010-4-9,1233.35,162.48,242.58,3.57,1088.0,566.0,10595.0,8378.0
2010-4-10,1190.21,179.52,241.28,3.49,1044.0,960.0,8933.0,8980.0
2010-4-11,1603.33,175.28,241.49,4.73,5499.0,554.0,8851.0,11864.0
2010-4-12,1439.43,157.73,242.01,4.16,660.0,611.0,11949.0,10831.0
2010-4-13,1512.7,171.14,241.74,4.39,1097.0,646.0,13033.0,10508.0
2010-4-14,1660.36,179.2,241.38,4.85,1132.0,5871.0,9194.0,11516.0
2010-4-15,1872.18,167.34,240.85,5.43,2526.0,658.0,15667.0,12422.0
2010-4-16,1562.06,170.38,241.99,4.55,2837.0,592.0,12623.0,9966.0
2010-4-17,1557.71,149.86,241.31,4.55,553.0,3124.0,12571.0,9692.0
2010-4-18,1476.11,148.23,240.68,4.28,1104.0,618.0,12550.0,10311.0
2010-4-19,1708.59,166.4,241.26,4.96,1230.0,4255.0,13474.0,9516.0
2010-4-20,1833.63,175.9,240.78,5.33,1388.0,719.0,16668.0,11785.0
2010-4-21,1579.91,158.41,241.93,4.56,0.0,635.0,12902.0,12745.0
2010-4-22,1460.9,186.65,240.75,4.27,1062.0,653.0,12492.0,10187.0
2010-4-23,1180.54,177.16,241.61,3.44,0.0,623.0,10981.0,8097.0
2010-4-24,1518.42,306.84,241.52,4.59,4445.0,1483.0,8223.0,11132.0
2010-4-25,1542.74,238.99,240.66,4.52,0.0,2350.0,7595.0,15728.0
2010-4-26,1082.72,166.42,241.23,3.17,1038.0,460.0,7635.0,8933.0
2010-4-27,1250.94,162.28,242.08,3.62,0.0,545.0,8539.0,11759.0
2010-4-28,867.86,182.68,242.52,2.55,0.0,578.0,6035.0,7855.0
2010-4-29,1103.72,173.71,242.28,3.2,12.0,679.0,8102.0,9650.0
2010-4-30,1118.63,208.39,241.82,3.32,2695.0,659.0,6969.0,8346.0
2010-5-1,1320.16,192.52,240.65,3.93,1984.0,4885.0,6751.0,8413.0
2010-5-2,2187.91,233.98,240.39,6.42,1858.0,7966.0,14454.0,12193.0
2010-5-3,1411.3,153.19,237.19,4.16,980.0,534.0,11825.0,10224.0
2010-5-4,1516.96,154.24,236.04,4.5,0.0,1018.0,12007.0,12307.0
2010-5-5,1805.31,129.2,236.11,5.37,2969.0,2194.0,12183.0,12747.0
2010-5-6,1299.25,118.7,235.99,3.82,0.0,301.0,10280.0,11133.0
2010-5-7,1644.0,145.16,237.5,4.82,1053.0,332.0,13602.0,12465.0
2010-5-8,1533.42,173.22,241.9,4.49,3569.0,2435.0,10158.0,9434.0
2010-5-9,1566.51,205.38,241.4,4.64,2888.0,2636.0,9945.0,10632.0
2010-5-10,1467.89,144.3,241.0,4.26,0.0,403.0,12893.0,11181.0
2010-5-11,1571.37,152.3,242.38,4.54,1156.0,345.0,11418.0,13259.0
2010-5-12,2035.42,159.8,241.72,5.89,1036.0,4434.0,16362.0,12086.0
2010-5-13,1554.93,153.93,242.96,4.48,2123.0,1477.0,10546.0,11776.0
2010-5-14,1722.15,159.88,242.07,4.98,1045.0,334.0,16764.0,10615.0
2010-5-15,1944.77,232.94,242.1,5.71,3347.0,336.0,13670.0,15077.0
2010-5-16,2100.43,164.38,240.97,6.15,3361.0,3922.0,11888.0,15866.0
2010-5-17,1628.18,147.38,241.36,4.72,1014.0,367.0,15344.0,10470.0
2010-5-18,1421.18,149.65,241.52,4.12,0.0,370.0,11677.0,11719.0
2010-5-19,1426.75,151.25,241.6,4.18,2122.0,659.0,9864.0,11166.0
2010-5-20,1153.9,139.14,242.45,3.36,0.0,369.0,10101.0,8818.0
2010-5-21,1294.4,167.69,241.76,3.8,1073.0,381.0,10113.0,10047.0
2010-5-22,2095.77,212.7,239.55,6.16,2278.0,2441.0,17454.0,12806.0
2010-5-23,1487.56,253.1,240.69,4.4,864.0,416.0,9541.0,14008.0
2010-5-24,1341.33,228.04,241.04,3.97,1875.0,2467.0,7746.0,10293.0
2010-5-25,1198.63,203.87,240.26,3.59,474.0,451.0,10439.0,8644.0
2010-5-26,1387.88,241.61,239.54,4.18,914.0,4500.0,8530.0,9188.0
2010-5-27,1323.34,195.84,239.92,3.91,932.0,443.0,10669.0,10044.0
2010-5-28,1398.16,162.47,240.04,4.1,1020.0,413.0,11616.0,10274.0
2010-5-29,2049.81,205.61,240.2,6.04,4057.0,400.0,16635.0,13080.0
2010-5-30,1665.7,176.89,240.47,4.9,2405.0,2976.0,9708.0,12693.0
2010-5-31,1340.46,145.87,240.69,3.97,1710.0,2171.0,10461.0,8035.0
2010-6-1,1268.96,136.97,240.54,3.72,970.0,400.0,11858.0,7970.0
2010-6-2,980.9,129.24,240.34,2.92,0.0,656.0,8454.0,7290.0
2010-6-3,1394.19,164.04,240.24,4.15,2916.0,451.0,12304.0,7592.0
2010-6-4,1420.55,185.24,240.28,4.2,1695.0,397.0,12517.0,9083.0
2010-6-5,2009.64,293.99,241.1,6.1,10932.0,1253.0,12223.0,9083.0
2010-6-6,1746.79,291.19,241.42,5.29,7609.0,574.0,11365.0,9622.0
2010-6-7,1012.08,184.11,242.33,3.03,1821.0,488.0,6737.0,7828.0
2010-6-8,1362.03,198.33,241.08,4.03,1513.0,821.0,11374.0,9079.0
2010-6-9,1534.68,182.53,241.19,4.54,2774.0,4269.0,8255.0,10288.0
2010-6-10,1215.19,173.23,241.69,3.59,0.0,474.0,10870.0,8875.0
2010-6-11,1470.67,218.57,241.45,4.41,3439.0,468.0,11728.0,8899.0
2010-6-12,1973.38,271.76,240.36,5.84,2705.0,3657.0,16185.0,10389.0
2010-6-13,1674.36,253.72,241.2,5.06,4922.0,2516.0,9096.0,11411.0
2010-6-14,1217.98,178.64,241.62,3.61,958.0,473.0,10336.0,8524.0
2010-6-15,1223.97,179.1,240.9,3.62,0.0,488.0,10144.0,9820.0
2010-6-16,1768.09,183.08,240.75,5.18,1875.0,4999.0,10336.0,12252.0
2010-6-17,1028.02,168.27,240.43,3.05,0.0,488.0,8510.0,8146.0
2010-6-18,1332.32,171.42,240.52,3.95,977.0,454.0,11977.0,8853.0
2010-6-19,1416.22,210.81,241.7,4.21,2385.0,1803.0,9554.0,9896.0
2010-6-20,1672.55,144.08,240.31,4.92,1021.0,4195.0,12337.0,10330.0
2010-6-21,1660.89,169.68,240.95,4.95,3824.0,3525.0,11179.0,9154.0
2010-6-22,1520.59,209.43,240.68,4.58,968.0,6176.0,9230.0,8950.0
2010-6-23,1442.06,296.48,240.0,4.38,5740.0,1500.0,10188.0,6643.0
2010-6-24,1095.78,230.78,240.81,3.27,973.0,883.0,8090.0,8287.0
2010-6-25,1099.44,218.73,240.53,3.32,0.0,689.0,10466.0,7210.0
2010-6-26,981.62,294.49,241.49,3.0,921.0,1221.0,7939.0,6344.0
2010-6-27,1139.96,304.71,239.95,3.49,2665.0,764.0,7690.0,7933.0
2010-6-28,1471.34,280.89,240.43,4.37,0.0,809.0,12516.0,11239.0
2010-6-29,1368.81,322.9,240.34,4.16,1746.0,1979.0,8281.0,10842.0
2010-6-30,1384.14,238.59,240.61,4.09,398.0,806.0,5214.0,16674.0
2010-7-1,1349.0,288.45,239.31,4.05,877.0,921.0,7438.0,13259.0
2010-7-2,1140.93,297.3,239.63,3.49,822.0,932.0,6337.0,10988.0
2010-7-3,1120.07,314.91,241.34,3.42,0.0,968.0,6151.0,11584.0
2010-7-4,1538.09,280.15,240.33,4.56,860.0,804.0,6597.0,17413.0
2010-7-5,1113.99,233.85,241.18,3.33,841.0,837.0,6913.0,10029.0
2010-7-6,1005.93,192.29,240.53,3.01,0.0,771.0,8451.0,7557.0
2010-7-7,834.79,209.54,240.66,2.55,879.0,760.0,5762.0,6587.0
2010-7-8,1212.65,246.89,240.3,3.63,857.0,1350.0,8459.0,9590.0
2010-7-9,1083.48,314.07,240.79,3.32,0.0,625.0,5356.0,12094.0
2010-7-10,1154.5,281.28,240.06,3.51,907.0,1240.0,8921.0,8196.0
2010-7-11,1193.57,302.62,239.77,3.65,848.0,594.0,7781.0,10713.0
2010-7-12,1109.57,285.91,240.22,3.4,1724.0,646.0,6444.0,9701.0
2010-7-13,1382.11,287.72,240.49,4.24,2273.0,2826.0,7894.0,10088.0
2010-7-14,1409.47,248.48,240.34,4.26,1064.0,598.0,7575.0,14276.0
2010-7-15,1634.36,192.38,240.37,4.79,1071.0,2179.0,8203.0,15825.0
2010-7-16,820.06,196.73,241.15,2.49,0.0,568.0,3854.0,9313.0
2010-7-17,806.35,181.35,241.18,2.42,0.0,541.0,6094.0,6851.0
2010-7-18,812.04,169.93,241.45,2.42,0.0,498.0,3943.0,9146.0
2010-7-19,801.16,192.5,241.85,2.39,0.0,549.0,6105.0,6759.0
2010-7-20,855.82,218.46,241.65,2.57,9.0,550.0,5178.0,8566.0
2010-7-21,1064.17,244.25,241.72,3.2,2030.0,585.0,6178.0,9005.0
2010-7-22,1164.45,311.28,241.19,3.5,0.0,2151.0,5604.0,11635.0
2010-7-23,1176.16,285.28,239.88,3.52,897.0,2106.0,8295.0,8355.0
2010-7-24,921.67,285.85,240.3,2.79,0.0,2096.0,3892.0,9405.0
2010-7-25,1130.41,258.17,240.28,3.37,0.0,3732.0,7549.0,7599.0
2010-7-26,884.15,177.86,240.94,2.66,0.0,2246.0,4147.0,8380.0
2010-7-27,952.36,174.73,239.63,2.83,907.0,523.0,4042.0,10482.0
2010-7-28,862.65,182.87,240.31,2.58,801.0,544.0,7232.0,5899.0
2010-7-29,549.1,177.27,240.38,1.69,0.0,537.0,4158.0,4550.0
2010-7-30,551.26,172.85,240.05,1.7,0.0,534.0,4087.0,4694.0
2010-7-31,554.62,181.73,239.68,1.72,0.0,548.0,4272.0,4512.0
2010-8-1,555.66,184.49,239.8,1.72,0.0,558.0,4263.0,4534.0
2010-8-2,549.48,183.24,240.9,1.7,0.0,536.0,4191.0,4545.0
2010-8-3,615.21,177.12,241.5,1.85,0.0,527.0,4096.0,5634.0
2010-8-4,543.36,179.43,241.4,1.67,0.0,532.0,4116.0,4488.0
2010-8-5,533.48,173.68,241.86,1.63,0.0,517.0,4013.0,4449.0
2010-8-6,524.75,164.58,240.95,1.6,0.0,507.0,3947.0,4421.0
2010-8-7,527.48,168.03,241.33,1.62,0.0,520.0,3968.0,4436.0
2010-8-8,528.46,168.09,240.73,1.62,0.0,526.0,3958.0,4449.0
2010-8-9,535.06,171.49,241.07,1.64,0.0,515.0,4042.0,4472.0
2010-8-10,544.76,181.81,241.95,1.66,0.0,525.0,4141.0,4536.0
2010-8-11,542.0,176.06,240.54,1.67,0.0,542.0,4118.0,4453.0
2010-8-12,529.7,169.1,240.79,1.62,0.0,514.0,3982.0,4456.0
2010-8-13,534.29,165.54,240.99,1.63,0.0,508.0,4097.0,4428.0
2010-8-14,554.27,160.51,241.17,1.68,0.0,512.0,4471.0,4364.0
2010-8-15,1055.99,206.77,241.69,3.16,0.0,4361.0,5282.0,8042.0
2010-8-16,1129.73,185.02,241.08,3.42,1530.0,463.0,7328.0,9513.0
2010-8-17,1218.22,159.98,240.88,3.58,940.0,781.0,5948.0,12689.0
2010-8-18,1218.22,159.98,240.88,3.58,940.0,781.0,5948.0,12689.0
2010-8-19,1218.22,159.98,240.88,3.58,940.0,781.0,5948.0,12689.0
2010-8-20,1218.22,159.98,240.88,3.58,940.0,781.0,5948.0,12689.0
2010-8-21,1218.22,159.98,240.88,3.58,940.0,781.0,5948.0,12689.0
2010-8-22,1105.04,167.86,241.14,3.27,940.0,795.0,6045.0,10699.0
2010-8-23,765.66,206.8,242.05,2.33,0.0,565.0,6106.0,6142.0
2010-8-24,722.95,175.46,241.61,2.25,0.0,541.0,5712.0,5812.0
2010-8-25,980.41,161.13,241.12,2.94,969.0,522.0,8959.0,5924.0
2010-8-26,757.25,178.09,241.81,2.3,0.0,538.0,5078.0,7042.0
2010-8-27,2030.65,304.32,240.86,5.99,930.0,7583.0,12707.0,12693.0
2010-8-28,1442.86,237.5,242.57,4.28,2086.0,549.0,12983.0,8483.0
2010-8-29,1668.48,191.69,241.01,4.94,3005.0,534.0,13095.0,11231.0
2010-8-30,1494.8,180.66,241.37,4.38,940.0,1470.0,11790.0,10724.0
2010-8-31,1365.11,168.46,241.19,4.1,2099.0,1723.0,7958.0,11009.0
2010-9-1,1593.32,180.18,241.26,4.69,1947.0,1194.0,13990.0,9485.0
2010-9-2,1392.49,170.31,240.94,4.09,929.0,500.0,11785.0,10024.0
2010-9-3,1346.41,168.6,240.53,3.97,940.0,523.0,9747.0,11261.0
2010-9-4,1743.84,218.02,241.1,5.17,2605.0,734.0,13241.0,12529.0
2010-9-5,1323.02,187.01,242.14,3.96,1609.0,2732.0,7471.0,10253.0
2010-9-6,1422.88,161.2,241.84,4.21,3164.0,532.0,10174.0,9880.0
2010-9-7,1451.85,167.96,241.28,4.31,1929.0,922.0,11829.0,9552.0
2010-9-8,1303.81,171.18,240.98,3.87,1.0,495.0,7478.0,13759.0
2010-9-9,1238.71,167.95,240.6,3.7,1813.0,2128.0,7016.0,9733.0
2010-9-10,1328.11,200.05,241.82,3.92,966.0,654.0,10773.0,9786.0
2010-9-11,1463.31,235.63,241.67,4.31,930.0,1427.0,8996.0,13081.0
2010-9-12,1612.09,201.36,241.62,4.76,1805.0,2080.0,8891.0,14122.0
2010-9-13,1076.32,189.8,241.16,3.24,1301.0,798.0,6710.0,9126.0
2010-9-14,1430.68,197.0,240.94,4.24,1874.0,2705.0,10270.0,8985.0
2010-9-15,986.09,219.56,241.3,2.95,0.0,898.0,6018.0,9537.0
2010-9-16,1339.74,171.35,240.41,3.93,1038.0,739.0,10310.0,10221.0
2010-9-17,1497.61,196.64,240.81,4.43,1954.0,5496.0,9727.0,7765.0
2010-9-18,1247.95,161.98,241.56,3.66,982.0,754.0,11779.0,7350.0
2010-9-19,919.6,147.41,241.71,2.71,0.0,1307.0,5156.0,8853.0
2010-9-20,1682.83,195.21,241.49,4.99,3323.0,766.0,13262.0,10684.0
2010-9-21,1111.38,179.71,240.92,3.31,0.0,679.0,7969.0,9917.0
2010-9-22,1510.39,188.33,240.66,4.47,2472.0,1167.0,11768.0,9778.0
2010-9-23,1449.86,164.94,240.72,4.23,1021.0,755.0,12002.0,10394.0
2010-9-24,1327.99,185.26,240.59,3.92,1739.0,773.0,8666.0,10945.0
2010-9-25,1350.49,179.05,240.56,3.99,1739.0,729.0,9230.0,10777.0
2010-9-26,1350.49,179.05,240.56,3.99,1739.0,729.0,9230.0,10777.0
2010-9-27,1350.49,179.05,240.56,3.99,1739.0,729.0,9230.0,10777.0
2010-9-28,1403.75,169.95,240.41,4.13,2549.0,802.0,8980.0,11045.0
2010-9-29,1684.43,139.41,241.22,4.88,1579.0,648.0,13047.0,12802.0
2010-9-30,1248.28,153.24,242.31,3.6,0.0,771.0,7988.0,12023.0
2010-10-1,1504.82,157.78,240.8,4.37,1752.0,724.0,11307.0,11349.0
2010-10-2,1923.25,166.09,240.7,5.58,3972.0,741.0,13532.0,13858.0
2010-10-3,1830.68,202.81,241.93,5.4,5000.0,2564.0,7738.0,15228.0
2010-10-4,1775.96,187.58,240.62,5.2,1709.0,722.0,8252.0,18911.0
2010-10-5,1854.62,212.64,239.92,5.42,0.0,3012.0,12037.0,15896.0
2010-10-6,1315.46,140.57,241.28,3.82,1016.0,527.0,8055.0,12350.0
2010-10-7,1809.95,180.1,241.61,5.29,2159.0,543.0,12666.0,14817.0
2010-10-8,1510.46,200.62,240.98,4.43,964.0,710.0,9927.0,13605.0
2010-10-9,1611.78,254.02,240.2,4.74,959.0,1585.0,13132.0,11184.0
2010-10-10,1998.9,327.45,240.34,5.92,3325.0,773.0,10297.0,18973.0
2010-10-11,1622.59,268.53,239.93,4.82,1007.0,5006.0,8734.0,12285.0
2010-10-12,1579.69,170.27,240.26,4.68,1104.0,780.0,9812.0,14638.0
2010-10-13,2073.89,172.64,240.8,6.02,1988.0,611.0,16593.0,15371.0
2010-10-14,2135.12,215.94,240.9,6.26,2583.0,2441.0,14239.0,16383.0
2010-10-15,1596.32,201.54,240.79,4.69,712.0,827.0,10786.0,14299.0
2010-10-16,1000.01,167.94,241.92,2.94,0.0,645.0,7656.0,8303.0
2010-10-17,1047.38,185.49,242.28,3.06,995.0,666.0,4681.0,11036.0
2010-10-18,2713.88,261.18,241.82,7.9,2234.0,10218.0,16382.0,16409.0
2010-10-19,1925.98,219.57,241.91,5.65,1025.0,4110.0,9461.0,17499.0
2010-10-20,1727.96,162.56,242.25,5.03,2154.0,690.0,10330.0,15594.0
2010-10-21,1355.2,181.43,243.47,3.95,755.0,691.0,6757.0,14368.0
2010-10-22,1668.89,148.52,242.8,4.78,1106.0,478.0,12697.0,13566.0
2010-10-23,2293.24,213.11,242.24,6.69,3737.0,3883.0,13465.0,17143.0
2010-10-24,2392.46,269.61,243.02,6.97,1984.0,7543.0,13256.0,17116.0
2010-10-25,1163.29,159.33,242.41,3.39,0.0,541.0,6748.0,12152.0
2010-10-26,945.9,173.27,244.89,2.75,0.0,2488.0,4989.0,8258.0
2010-10-27,1260.28,153.83,246.11,3.62,0.0,2058.0,8269.0,10684.0
2010-10-28,1463.33,187.24,246.25,4.2,1103.0,2627.0,9087.0,11580.0
2010-10-29,1204.42,195.72,245.74,3.51,1075.0,726.0,3911.0,14362.0
2010-10-30,2152.7,195.32,243.27,6.23,2353.0,614.0,15303.0,17573.0
2010-10-31,1476.43,208.08,245.5,4.24,1430.0,678.0,5589.0,16932.0
2010-11-1,1383.18,187.09,246.38,3.94,0.0,634.0,8746.0,13675.0
2010-11-2,1191.08,186.52,245.79,3.42,0.0,574.0,5784.0,13516.0
2010-11-3,1293.3,176.26,244.28,3.76,1021.0,1108.0,6529.0,12912.0
2010-11-4,2555.15,252.44,243.15,7.5,6029.0,11193.0,10286.0,15136.0
2010-11-5,1736.09,180.5,243.78,5.05,0.0,790.0,12610.0,15594.0
2010-11-6,1805.41,193.96,238.43,5.35,3255.0,680.0,9803.0,16378.0
2010-11-7,1673.82,174.98,238.44,4.97,1026.0,621.0,6943.0,19336.0
2010-11-8,1825.54,145.66,237.74,5.37,1087.0,555.0,13038.0,15700.0
2010-11-9,2022.1,154.67,237.79,5.99,2097.0,583.0,12500.0,18542.0
2010-11-10,1946.53,153.47,239.08,5.72,1026.0,5858.0,13308.0,12222.0
2010-11-11,1773.59,152.19,238.73,5.26,3424.0,2216.0,6259.0,17647.0
2010-11-12,1836.82,151.14,238.84,5.43,2054.0,489.0,10308.0,17786.0
2010-11-13,2023.17,162.18,239.33,5.92,1051.0,589.0,13853.0,18265.0
2010-11-14,2038.39,203.69,239.28,6.03,5344.0,549.0,8758.0,19375.0
2010-11-15,1747.38,126.72,239.55,5.13,1075.0,4222.0,8918.0,14957.0
2010-11-16,1509.75,133.6,241.2,4.4,0.0,478.0,7949.0,16781.0
2010-11-17,1582.03,141.92,241.45,4.63,1153.0,491.0,8915.0,15825.0
2010-11-18,1652.15,206.2,241.02,4.88,2175.0,489.0,9449.0,15456.0
2010-11-19,1570.4,122.93,240.05,4.58,0.0,483.0,11914.0,13808.0
2010-11-20,2197.01,153.77,240.61,6.47,4367.0,2947.0,11433.0,17917.0
2010-11-21,900.91,119.62,241.18,2.64,0.0,506.0,4778.0,9815.0
2010-11-22,2041.54,142.35,240.2,6.01,4855.0,2110.0,10136.0,16942.0
2010-11-23,1577.54,137.45,240.58,4.67,1871.0,458.0,7611.0,16403.0
2010-11-24,1796.25,132.46,240.03,5.25,1096.0,2848.0,12224.0,13832.0
2010-11-25,1431.16,116.13,241.54,4.17,1076.0,426.0,5072.0,17335.0
2010-11-26,1488.1,120.83,240.29,4.96,1080.0,385.0,9989.0,13388.0
